sales_id, transaction_id, customer_id, product_id,unit_price, IMP__instore_yn, IMP__quantity,DAY( transaction_date),MONTH( transaction_date),WEEKDAY( transaction_date),customer.customer_id,customer. gender,customer.birth_year,customer.generation,product. product_group,product. current_retail_price,product. _promo_yn,product. _new_product_yn,customer.COUNT(sales),customer.MEAN(sales. IMP__quantity),customer.MEAN(sales. transaction_id),customer.MEAN(sales.sales_id),customer.MEAN(sales.unit_price),customer.MODE(sales. IMP__instore_yn),customer.SUM(sales. IMP__quantity),customer.SUM(sales. transaction_id),customer.SUM(sales.sales_id),customer.SUM(sales.unit_price),customer.DAY( customer_since),customer.MONTH( customer_since),customer.WEEKDAY( customer_since),product.COUNT(sales),product.MEAN(sales. IMP__quantity),product.MEAN(sales. transaction_id),product.MEAN(sales.sales_id),product.MEAN(sales.unit_price),product.MODE(sales. IMP__instore_yn),product.SUM(sales. IMP__quantity),product.SUM(sales. transaction_id),product.SUM(sales.sales_id),product.SUM(sales.unit_price)
151,691,602,77,3.0, N,1.0,1,4,0,,,,, Food,3, N, N,0,,,,,,0.0,0.0,0.0,0.0,,,,12,1.0,881.75,26039.833333333332,3.0, N,12.0,10581.0,312478.0,36.0
212,988,384,37,3.0, Y,1.0,1,4,0,,,,, Beverages,3, N, N,0,,,,,,0.0,0.0,0.0,0.0,,,,6,1.1666666666666667,323.6666666666667,17569.5,3.0, N,7.0,1942.0,105417.0,18.0
288,1302,18,22,2.0, Y,1.0,1,4,0,781, N,1991, Younger Millennials, Beverages,2, N, N,1,1.0,1302.0,288.0,2.0, Y,1.0,1302.0,288.0,2.0,2,11,4,7,1.4285714285714286,810.8571428571429,27682.714285714286,2.0, Y,10.0,5676.0,193779.0,14.0
325,1447,70,61,4.75, N,2.0,1,4,0,131, M,1972, Gen X, Beverages,5, N, N,1,2.0,1447.0,325.0,4.75, N,2.0,1447.0,325.0,4.75,29,12,4,12,1.45395189,886.6666666666666,22386.0,4.75, N,17.44742268,10640.0,268632.0,57.0
348,1570,259,48,2.5, N,2.0,1,4,0,,,,, Beverages,3, N, N,0,,,,,,0.0,0.0,0.0,0.0,,,,8,1.5559278349999999,1024.5,25114.125,2.5, N,12.447422679999999,8196.0,200913.0,20.0
649,337,5673,37,3.0, N,1.0,1,4,0,,,,, Beverages,3, N, N,0,,,,,,0.0,0.0,0.0,0.0,,,,6,1.1666666666666667,323.6666666666667,17569.5,3.0, N,7.0,1942.0,105417.0,18.0
858,1411,5176,31,2.2, N,2.0,1,4,0,,,,, Beverages,2, N, N,0,,,,,,0.0,0.0,0.0,0.0,,,,9,1.8274914088888887,1567.3333333333333,25769.0,2.2, N,16.44742268,14106.0,231921.0,19.8
1023,2194,5794,45,3.0, Y,2.0,1,4,0,,,,, Beverages,3, N, N,0,,,,,,0.0,0.0,0.0,0.0,,,,10,1.8,996.2,22357.8,3.0, N,18.0,9962.0,223578.0,30.0
1036,2242,5346,57,3.1, N,2.0,1,4,0,,,,, Beverages,3, N, N,0,,,,,,0.0,0.0,0.0,0.0,,,,10,1.4,803.6,23064.9,3.1, Y,14.0,8036.0,230649.0,31.0
1257,742,8467,40,3.75, N,1.0,1,4,0,,,,, Beverages,4, N, N,0,,,,,,0.0,0.0,0.0,0.0,,,,7,1.7142857142857142,484.57142857142856,21998.571428571428,3.75, Y,12.0,3392.0,153990.0,26.25
1357,1296,8252,59,4.5, Y,1.0,1,4,0,,,,, Beverages,5, N, N,0,,,,,,0.0,0.0,0.0,0.0,,,,10,1.5,1117.7,19157.5,4.5, Y,15.0,11177.0,191575.0,45.0
1507,2075,8428,49,3.0, Y,2.0,1,4,0,,,,, Beverages,3, N, N,0,,,,,,0.0,0.0,0.0,0.0,,,,12,1.3333333333333333,1069.1666666666667,26976.75,3.0, Y,16.0,12830.0,323721.0,36.0
1577,2395,8272,23,2.5, Y,1.44742268,1,4,0,,,,, Beverages,3, N, N,0,,,,,,0.0,0.0,0.0,0.0,,,,8,1.5559278349999999,1142.625,21818.0,2.5, Y,12.447422679999999,9141.0,174544.0,20.0
1580,2400,8397,75,3.5, N,1.0,1,4,0,,,,, Food,3, N, N,0,,,,,,0.0,0.0,0.0,0.0,,,,7,1.0639175257142857,1674.7142857142858,22974.14285714286,3.5, N,7.44742268,11723.0,160819.0,24.5
1584,2427,8202,73,3.75, N,1.0,1,4,0,,,,, Food,4, N, N,0,,,,,,0.0,0.0,0.0,0.0,,,,6,1.0,1271.3333333333333,17550.333333333332,3.75, N,6.0,7628.0,105302.0,22.5
1599,2528,8029,56,2.55, N,1.0,1,4,0,,,,, Beverages,3, N, N,0,,,,,,0.0,0.0,0.0,0.0,,,,14,1.5319587628571427,1319.142857142857,28148.5,2.55, Y,21.44742268,18468.0,394079.0,35.699999999999996
1769,463,134,73,3.75, N,1.0,2,4,1,8411, F,1966, Gen X, Food,4, N, N,1,1.0,463.0,1769.0,3.75, N,1.0,463.0,1769.0,3.75,26,9,1,6,1.0,1271.3333333333333,17550.333333333332,3.75, N,6.0,7628.0,105302.0,22.5
1990,1395,219,46,2.5, Y,2.0,2,4,1,5378, N,1995, Gen Z, Beverages,3, N, N,1,2.0,1395.0,1990.0,2.5, Y,2.0,1395.0,1990.0,2.5,13,8,0,4,1.75,754.0,21206.75,2.5, Y,7.0,3016.0,84827.0,10.0
2163,2122,781,39,4.25, Y,2.0,2,4,1,,,,, Beverages,4, N, N,0,,,,,,0.0,0.0,0.0,0.0,,,,12,1.4166666666666667,1080.5833333333333,21021.833333333332,4.25, N,17.0,12967.0,252262.0,51.0
2277,74,5853,27,3.5, Y,2.0,2,4,1,,,,, Beverages,4, N, N,0,,,,,,0.0,0.0,0.0,0.0,,,,9,1.7777777777777777,905.0,20958.555555555555,3.5, N,16.0,8145.0,188627.0,31.5
2501,1204,5268,51,3.0, N,2.0,2,4,1,,,,, Beverages,3, N, N,0,,,,,,0.0,0.0,0.0,0.0,,,,6,1.8333333333333333,1021.0,18953.333333333332,3.0, N,11.0,6126.0,113720.0,18.0
2529,1369,5691,61,4.75, N,2.0,2,4,1,,,,, Beverages,5, N, N,0,,,,,,0.0,0.0,0.0,0.0,,,,12,1.45395189,886.6666666666666,22386.0,4.75, N,17.44742268,10640.0,268632.0,57.0
2640,2055,5502,59,4.5, Y,2.0,2,4,1,,,,, Beverages,5, N, N,0,,,,,,0.0,0.0,0.0,0.0,,,,10,1.5,1117.7,19157.5,4.5, Y,15.0,11177.0,191575.0,45.0
2834,531,8248,51,3.0, Y,2.0,2,4,1,,,,, Beverages,3, N, N,0,,,,,,0.0,0.0,0.0,0.0,,,,6,1.8333333333333333,1021.0,18953.333333333332,3.0, N,11.0,6126.0,113720.0,18.0
2839,562,8145,72,3.25, Y,1.0,2,4,1,,,,, Food,3, N, N,0,,,,,,0.0,0.0,0.0,0.0,,,,4,1.5,934.5,28035.0,2.95, N,6.0,3738.0,112140.0,11.8
2914,919,8325,28,2.0, N,2.0,2,4,1,,,,, Beverages,2, N, N,0,,,,,,0.0,0.0,0.0,0.0,,,,11,1.6363636363636365,543.9090909090909,23011.81818181818,2.0, Y,18.0,5983.0,253130.0,22.0
2920,958,8226,39,4.25, N,1.0,2,4,1,,,,, Beverages,4, N, N,0,,,,,,0.0,0.0,0.0,0.0,,,,12,1.4166666666666667,1080.5833333333333,21021.833333333332,4.25, N,17.0,12967.0,252262.0,51.0
2921,962,8473,42,2.5, N,2.0,2,4,1,,,,, Beverages,3, N, N,0,,,,,,0.0,0.0,0.0,0.0,,,,10,2.0,924.3,26855.5,2.5, Y,20.0,9243.0,268555.0,25.0
3013,1438,8489,28,2.0, N,1.0,2,4,1,,,,, Beverages,2, N, N,0,,,,,,0.0,0.0,0.0,0.0,,,,11,1.6363636363636365,543.9090909090909,23011.81818181818,2.0, Y,18.0,5983.0,253130.0,22.0
3281,2782,8478,31,2.2, N,2.0,2,4,1,,,,, Beverages,2, N, N,0,,,,,,0.0,0.0,0.0,0.0,,,,9,1.8274914088888887,1567.3333333333333,25769.0,2.2, N,16.44742268,14106.0,231921.0,19.8
3448,615,80,29,2.5, N,1.0,3,4,2,8164, M,1977, Gen X, Beverages,3, N, N,1,1.0,615.0,3448.0,2.5, N,1.0,615.0,3448.0,2.5,20,3,2,13,1.4615384615384615,1016.8461538461538,24873.923076923078,2.5, N,19.0,13219.0,323361.0,32.5
3450,629,579,39,4.25, N,1.0,3,4,2,,,,, Beverages,4, N, N,0,,,,,,0.0,0.0,0.0,0.0,,,,12,1.4166666666666667,1080.5833333333333,21021.833333333332,4.25, N,17.0,12967.0,252262.0,51.0
3689,1652,212,56,2.55, Y,2.0,3,4,2,5861, M,1967, Gen X, Beverages,3, N, N,1,2.0,1652.0,3689.0,2.55, Y,2.0,1652.0,3689.0,2.55,3,10,1,14,1.5319587628571427,1319.142857142857,28148.5,2.55, Y,21.44742268,18468.0,394079.0,35.699999999999996
3791,2053,58,27,3.5, N,2.0,3,4,2,8092, F,1991, Younger Millennials, Beverages,4, N, N,1,2.0,2053.0,3791.0,3.5, N,2.0,2053.0,3791.0,3.5,23,1,1,9,1.7777777777777777,905.0,20958.555555555555,3.5, N,16.0,8145.0,188627.0,31.5
3816,2173,102,55,4.0, Y,1.0,3,4,2,61, M,1960, Baby Boomers, Beverages,4, N, N,1,1.0,2173.0,3816.0,4.0, Y,1.0,2173.0,3816.0,4.0,19,6,0,15,1.8,770.5333333333333,28765.533333333333,4.0, N,27.0,11558.0,431483.0,60.0
3833,2237,762,34,2.45, N,1.0,3,4,2,,,,, Beverages,2, N, N,0,,,,,,0.0,0.0,0.0,0.0,,,,13,1.3846153846153846,984.2307692307693,25668.076923076922,2.45, Y,18.0,12795.0,333685.0,31.85
4244,1550,5358,52,2.5, N,1.0,3,4,2,,,,, Beverages,3, N, N,0,,,,,,0.0,0.0,0.0,0.0,,,,6,1.3333333333333333,496.3333333333333,21376.666666666668,2.5, N,8.0,2978.0,128260.0,15.0
4261,1632,5134,54,2.5, Y,2.0,3,4,2,,,,, Beverages,3, N, N,0,,,,,,0.0,0.0,0.0,0.0,,,,16,1.5,840.0,29432.0,2.5, Y,24.0,13440.0,470912.0,40.0
4325,1977,5373,29,2.5, N,2.0,3,4,2,,,,, Beverages,3, N, N,0,,,,,,0.0,0.0,0.0,0.0,,,,13,1.4615384615384615,1016.8461538461538,24873.923076923078,2.5, N,19.0,13219.0,323361.0,32.5
4378,2294,5501,38,3.75, N,2.0,3,4,2,,,,, Beverages,4, N, N,0,,,,,,0.0,0.0,0.0,0.0,,,,8,1.5,1329.5,26835.25,3.75, N,12.0,10636.0,214682.0,30.0
4427,2503,5826,44,2.5, N,2.0,3,4,2,,,,, Beverages,3, N, N,0,,,,,,0.0,0.0,0.0,0.0,,,,13,1.6498017446153845,1399.923076923077,30958.153846153848,2.5, N,21.44742268,18199.0,402456.0,32.5
4646,1141,8037,36,3.75, Y,1.0,3,4,2,,,,, Beverages,4, N, N,0,,,,,,0.0,0.0,0.0,0.0,,,,12,1.25,1306.0,26884.5,3.75, Y,15.0,15672.0,322614.0,45.0
4660,1224,8241,61,4.75, N,1.0,3,4,2,,,,, Beverages,5, N, N,0,,,,,,0.0,0.0,0.0,0.0,,,,12,1.45395189,886.6666666666666,22386.0,4.75, N,17.44742268,10640.0,268632.0,57.0
4722,1520,8347,79,3.75, N,1.44742268,3,4,2,,,,, Food,4, N, N,0,,,,,,0.0,0.0,0.0,0.0,,,,7,1.0639175257142857,1137.142857142857,25999.14285714286,3.75, N,7.44742268,7960.0,181994.0,26.25
4766,1726,8269,50,2.5, N,2.0,3,4,2,,,,, Beverages,3, N, N,0,,,,,,0.0,0.0,0.0,0.0,,,,15,1.5333333333333334,877.8,20552.066666666666,2.5, N,23.0,13167.0,308281.0,37.5
4808,1942,8052,69,3.25, Y,1.0,3,4,2,,,,, Food,4, N, N,0,,,,,,0.0,0.0,0.0,0.0,,,,6,1.0,977.8333333333334,15846.666666666666,3.385, N,6.0,5867.0,95080.0,20.31
4909,2447,8044,75,3.5, N,1.0,3,4,2,,,,, Food,3, N, N,0,,,,,,0.0,0.0,0.0,0.0,,,,7,1.0639175257142857,1674.7142857142858,22974.14285714286,3.5, N,7.44742268,11723.0,160819.0,24.5
5005,155,237,30,3.0, N,1.0,4,4,3,,,,, Beverages,3, N, N,0,,,,,,0.0,0.0,0.0,0.0,,,,8,1.125,1249.75,26579.5,3.0, N,9.0,9998.0,212636.0,24.0
5034,283,247,23,2.5, Y,2.0,4,4,3,,,,, Beverages,3, N, N,0,,,,,,0.0,0.0,0.0,0.0,,,,8,1.5559278349999999,1142.625,21818.0,2.5, Y,12.447422679999999,9141.0,174544.0,20.0
5344,1608,71,51,3.0, Y,2.0,4,4,3,536, F,1980, Older Millennials, Beverages,3, N, N,1,2.0,1608.0,5344.0,3.0, Y,2.0,1608.0,5344.0,3.0,4,5,4,6,1.8333333333333333,1021.0,18953.333333333332,3.0, N,11.0,6126.0,113720.0,18.0
5417,1928,338,39,4.25, N,2.0,4,4,3,,,,, Beverages,4, N, N,0,,,,,,0.0,0.0,0.0,0.0,,,,12,1.4166666666666667,1080.5833333333333,21021.833333333332,4.25, N,17.0,12967.0,252262.0,51.0
5435,2000,758,33,3.5, Y,2.0,4,4,3,,,,, Beverages,4, N, N,0,,,,,,0.0,0.0,0.0,0.0,,,,10,2.0,1388.9,20841.0,3.5, Y,20.0,13889.0,208410.0,35.0
5610,218,5375,26,3.0, N,2.0,4,4,3,,,,, Beverages,3, N, N,0,,,,,,0.0,0.0,0.0,0.0,,,,7,1.4285714285714286,1013.1428571428571,25968.285714285714,3.0, N,10.0,7092.0,181778.0,21.0
5624,307,5402,45,3.0, N,2.0,4,4,3,,,,, Beverages,3, N, N,0,,,,,,0.0,0.0,0.0,0.0,,,,10,1.8,996.2,22357.8,3.0, N,18.0,9962.0,223578.0,30.0
5734,903,5596,69,3.25, N,1.0,4,4,3,,,,, Food,4, N, N,0,,,,,,0.0,0.0,0.0,0.0,,,,6,1.0,977.8333333333334,15846.666666666666,3.385, N,6.0,5867.0,95080.0,20.31
5829,1396,5054,24,3.0, N,1.44742268,4,4,3,,,,, Beverages,3, N, N,0,,,,,,0.0,0.0,0.0,0.0,,,,12,1.45395189,589.3333333333334,20804.25,3.0, Y,17.44742268,7072.0,249651.0,36.0
6004,2270,5355,45,3.0, N,1.0,4,4,3,,,,, Beverages,3, N, N,0,,,,,,0.0,0.0,0.0,0.0,,,,10,1.8,996.2,22357.8,3.0, N,18.0,9962.0,223578.0,30.0
6084,168,8136,60,3.75, N,2.0,4,4,3,,,,, Beverages,4, N, N,0,,,,,,0.0,0.0,0.0,0.0,,,,11,1.4043111527272727,580.8181818181819,26302.545454545456,3.75, N,15.44742268,6389.0,289328.0,41.25
6212,832,8092,27,3.5, N,2.0,4,4,3,,,,, Beverages,4, N, N,0,,,,,,0.0,0.0,0.0,0.0,,,,9,1.7777777777777777,905.0,20958.555555555555,3.5, N,16.0,8145.0,188627.0,31.5
6323,1429,8213,33,3.5, N,2.0,4,4,3,,,,, Beverages,4, N, N,0,,,,,,0.0,0.0,0.0,0.0,,,,10,2.0,1388.9,20841.0,3.5, Y,20.0,13889.0,208410.0,35.0
6412,1926,8249,60,3.75, N,1.0,4,4,3,,,,, Beverages,4, N, N,0,,,,,,0.0,0.0,0.0,0.0,,,,11,1.4043111527272727,580.8181818181819,26302.545454545456,3.75, N,15.44742268,6389.0,289328.0,41.25
6457,2226,8127,50,2.5, N,1.0,4,4,3,,,,, Beverages,3, N, N,0,,,,,,0.0,0.0,0.0,0.0,,,,15,1.5333333333333334,877.8,20552.066666666666,2.5, N,23.0,13167.0,308281.0,37.5
6584,51,776,29,2.5, N,1.0,5,4,4,,,,, Beverages,3, N, N,0,,,,,,0.0,0.0,0.0,0.0,,,,13,1.4615384615384615,1016.8461538461538,24873.923076923078,2.5, N,19.0,13219.0,323361.0,32.5
6672,439,547,60,3.75, N,1.0,5,4,4,,,,, Beverages,4, N, N,0,,,,,,0.0,0.0,0.0,0.0,,,,11,1.4043111527272727,580.8181818181819,26302.545454545456,3.75, N,15.44742268,6389.0,289328.0,41.25
6682,512,345,34,2.45, N,1.0,5,4,4,,,,, Beverages,2, N, N,0,,,,,,0.0,0.0,0.0,0.0,,,,13,1.3846153846153846,984.2307692307693,25668.076923076922,2.45, Y,18.0,12795.0,333685.0,31.85
6723,657,352,24,3.0, Y,1.0,5,4,4,,,,, Beverages,3, N, N,0,,,,,,0.0,0.0,0.0,0.0,,,,12,1.45395189,589.3333333333334,20804.25,3.0, Y,17.44742268,7072.0,249651.0,36.0
6745,720,234,50,2.5, Y,2.0,5,4,4,8026, M,1962, Baby Boomers, Beverages,3, N, N,1,2.0,720.0,6745.0,2.5, Y,2.0,720.0,6745.0,2.5,15,11,3,15,1.5333333333333334,877.8,20552.066666666666,2.5, N,23.0,13167.0,308281.0,37.5
6847,1228,135,57,3.1, Y,1.0,5,4,4,8243, F,1962, Baby Boomers, Beverages,3, N, N,1,1.0,1228.0,6847.0,3.1, Y,1.0,1228.0,6847.0,3.1,22,5,1,10,1.4,803.6,23064.9,3.1, Y,14.0,8036.0,230649.0,31.0
7000,1832,381,36,3.75, Y,1.0,5,4,4,,,,, Beverages,4, N, N,0,,,,,,0.0,0.0,0.0,0.0,,,,12,1.25,1306.0,26884.5,3.75, Y,15.0,15672.0,322614.0,45.0
7033,1995,84,73,3.75, N,1.0,5,4,4,5640, N,1985, Older Millennials, Food,4, N, N,1,1.0,1995.0,7033.0,3.75, N,1.0,1995.0,7033.0,3.75,11,8,4,6,1.0,1271.3333333333333,17550.333333333332,3.75, N,6.0,7628.0,105302.0,22.5
7107,2316,131,29,2.5, N,2.0,5,4,4,8365, M,1972, Gen X, Beverages,3, N, N,1,2.0,2316.0,7107.0,2.5, N,2.0,2316.0,7107.0,2.5,26,6,1,13,1.4615384615384615,1016.8461538461538,24873.923076923078,2.5, N,19.0,13219.0,323361.0,32.5
7157,2502,536,32,3.0, Y,1.0,5,4,4,,,,, Beverages,3, N, N,0,,,,,,0.0,0.0,0.0,0.0,,,,6,1.3333333333333333,1066.6666666666667,25681.666666666668,3.0, N,8.0,6400.0,154090.0,18.0
7238,380,5039,50,2.5, Y,2.0,5,4,4,,,,, Beverages,3, N, N,0,,,,,,0.0,0.0,0.0,0.0,,,,15,1.5333333333333334,877.8,20552.066666666666,2.5, N,23.0,13167.0,308281.0,37.5
7481,1474,5459,33,3.5, Y,2.0,5,4,4,,,,, Beverages,4, N, N,0,,,,,,0.0,0.0,0.0,0.0,,,,10,2.0,1388.9,20841.0,3.5, Y,20.0,13889.0,208410.0,35.0
7486,1513,5180,44,2.5, N,2.0,5,4,4,,,,, Beverages,3, N, N,0,,,,,,0.0,0.0,0.0,0.0,,,,13,1.6498017446153845,1399.923076923077,30958.153846153848,2.5, N,21.44742268,18199.0,402456.0,32.5
7527,1742,5519,50,2.5, Y,1.0,5,4,4,,,,, Beverages,3, N, N,0,,,,,,0.0,0.0,0.0,0.0,,,,15,1.5333333333333334,877.8,20552.066666666666,2.5, N,23.0,13167.0,308281.0,37.5
7568,1873,5699,77,3.0, Y,1.0,5,4,4,,,,, Food,3, N, N,0,,,,,,0.0,0.0,0.0,0.0,,,,12,1.0,881.75,26039.833333333332,3.0, N,12.0,10581.0,312478.0,36.0
7778,487,8415,45,3.0, N,2.0,5,4,4,,,,, Beverages,3, N, N,0,,,,,,0.0,0.0,0.0,0.0,,,,10,1.8,996.2,22357.8,3.0, N,18.0,9962.0,223578.0,30.0
7783,506,8345,46,2.5, N,1.0,5,4,4,,,,, Beverages,3, N, N,0,,,,,,0.0,0.0,0.0,0.0,,,,4,1.75,754.0,21206.75,2.5, Y,7.0,3016.0,84827.0,10.0
8001,1703,8256,59,4.5, Y,2.0,5,4,4,,,,, Beverages,5, N, N,0,,,,,,0.0,0.0,0.0,0.0,,,,10,1.5,1117.7,19157.5,4.5, Y,15.0,11177.0,191575.0,45.0
8025,1837,8164,71,3.75, Y,1.0,5,4,4,,,,, Food,4, N, N,0,,,,,,0.0,0.0,0.0,0.0,,,,10,1.0,454.3,20002.1,3.75, N,10.0,4543.0,200021.0,37.5
8336,114,666,39,4.25, N,1.0,6,4,5,,,,, Beverages,4, N, N,0,,,,,,0.0,0.0,0.0,0.0,,,,12,1.4166666666666667,1080.5833333333333,21021.833333333332,4.25, N,17.0,12967.0,252262.0,51.0
8555,283,531,48,2.5, N,1.44742268,6,4,5,,,,, Beverages,3, N, N,0,,,,,,0.0,0.0,0.0,0.0,,,,8,1.5559278349999999,1024.5,25114.125,2.5, N,12.447422679999999,8196.0,200913.0,20.0
8641,355,425,71,3.75, Y,1.0,6,4,5,,,,, Food,4, N, N,0,,,,,,0.0,0.0,0.0,0.0,,,,10,1.0,454.3,20002.1,3.75, N,10.0,4543.0,200021.0,37.5
8803,881,5640,42,2.5, N,2.0,6,4,5,,,,, Beverages,3, N, N,0,,,,,,0.0,0.0,0.0,0.0,,,,10,2.0,924.3,26855.5,2.5, Y,20.0,9243.0,268555.0,25.0
8861,1162,5858,30,3.0, Y,1.0,6,4,5,,,,, Beverages,3, N, N,0,,,,,,0.0,0.0,0.0,0.0,,,,8,1.125,1249.75,26579.5,3.0, N,9.0,9998.0,212636.0,24.0
9062,2118,5110,49,3.0, Y,2.0,6,4,5,,,,, Beverages,3, N, N,0,,,,,,0.0,0.0,0.0,0.0,,,,12,1.3333333333333333,1069.1666666666667,26976.75,3.0, Y,16.0,12830.0,323721.0,36.0
9070,2164,5022,53,3.0, Y,2.0,6,4,5,,,,, Beverages,3, N, N,0,,,,,,0.0,0.0,0.0,0.0,,,,11,1.5454545454545454,929.9090909090909,28873.727272727272,3.0, Y,17.0,10229.0,317611.0,33.0
9109,2350,5642,41,4.25, Y,1.44742268,6,4,5,,,,, Beverages,4, N, N,0,,,,,,0.0,0.0,0.0,0.0,,,,9,1.4327605955555556,1270.4444444444443,33786.333333333336,4.25, Y,12.89484536,11434.0,304077.0,38.25
9178,182,8442,70,3.25, Y,1.0,6,4,5,,,,, Food,3, N, N,0,,,,,,0.0,0.0,0.0,0.0,,,,5,1.0,628.0,30648.0,3.25, Y,5.0,3140.0,153240.0,16.25
9202,323,8311,49,3.0, N,1.0,6,4,5,,,,, Beverages,3, N, N,0,,,,,,0.0,0.0,0.0,0.0,,,,12,1.3333333333333333,1069.1666666666667,26976.75,3.0, Y,16.0,12830.0,323721.0,36.0
9546,2246,8039,31,2.2, Y,1.0,6,4,5,,,,, Beverages,2, N, N,0,,,,,,0.0,0.0,0.0,0.0,,,,9,1.8274914088888887,1567.3333333333333,25769.0,2.2, N,16.44742268,14106.0,231921.0,19.8
9681,11,589,57,3.1, N,1.0,7,4,6,,,,, Beverages,3, N, N,0,,,,,,0.0,0.0,0.0,0.0,,,,10,1.4,803.6,23064.9,3.1, Y,14.0,8036.0,230649.0,31.0
9695,23,486,27,3.5, N,2.0,7,4,6,,,,, Beverages,4, N, N,0,,,,,,0.0,0.0,0.0,0.0,,,,9,1.7777777777777777,905.0,20958.555555555555,3.5, N,16.0,8145.0,188627.0,31.5
9750,67,209,53,3.0, Y,2.0,7,4,6,330, F,1954, Baby Boomers, Beverages,3, N, N,1,2.0,67.0,9750.0,3.0, Y,2.0,67.0,9750.0,3.0,5,3,6,11,1.5454545454545454,929.9090909090909,28873.727272727272,3.0, Y,17.0,10229.0,317611.0,33.0
9953,243,661,33,3.5, Y,2.0,7,4,6,,,,, Beverages,4, N, N,0,,,,,,0.0,0.0,0.0,0.0,,,,10,2.0,1388.9,20841.0,3.5, Y,20.0,13889.0,208410.0,35.0
10198,7,661,84,0.8, Y,2.0,7,4,6,,,,, Add-ons,1, N, N,0,,,,,,0.0,0.0,0.0,0.0,,,,10,1.7,483.0,23255.1,0.8, Y,17.0,4830.0,232551.0,8.0
10264,54,5844,24,3.0, N,2.0,7,4,6,,,,, Beverages,3, N, N,0,,,,,,0.0,0.0,0.0,0.0,,,,12,1.45395189,589.3333333333334,20804.25,3.0, Y,17.44742268,7072.0,249651.0,36.0
10306,87,5017,38,3.75, Y,2.0,7,4,6,,,,, Beverages,4, N, N,0,,,,,,0.0,0.0,0.0,0.0,,,,8,1.5,1329.5,26835.25,3.75, N,12.0,10636.0,214682.0,30.0
10494,220,5402,42,2.5, Y,1.0,7,4,6,,,,, Beverages,3, N, N,0,,,,,,0.0,0.0,0.0,0.0,,,,10,2.0,924.3,26855.5,2.5, Y,20.0,9243.0,268555.0,25.0
10519,236,5655,61,4.75, N,1.0,7,4,6,,,,, Beverages,5, N, N,0,,,,,,0.0,0.0,0.0,0.0,,,,12,1.45395189,886.6666666666666,22386.0,4.75, N,17.44742268,10640.0,268632.0,57.0
10537,250,5655,24,3.0, Y,1.0,7,4,6,,,,, Beverages,3, N, N,0,,,,,,0.0,0.0,0.0,0.0,,,,12,1.45395189,589.3333333333334,20804.25,3.0, Y,17.44742268,7072.0,249651.0,36.0
10876,144,5655,57,3.1, N,2.0,7,4,6,,,,, Beverages,3, N, N,0,,,,,,0.0,0.0,0.0,0.0,,,,10,1.4,803.6,23064.9,3.1, Y,14.0,8036.0,230649.0,31.0
10906,165,8166,63,0.8, Y,2.0,7,4,6,,,,, Add-ons,1, N, N,0,,,,,,0.0,0.0,0.0,0.0,,,,10,1.6,704.9,26429.5,0.8, Y,16.0,7049.0,264295.0,8.0
11167,357,8166,47,3.0, N,1.0,7,4,6,,,,, Beverages,3, N, N,0,,,,,,0.0,0.0,0.0,0.0,,,,3,1.3333333333333333,546.3333333333334,18867.0,3.0, N,4.0,1639.0,56601.0,9.0
11261,433,8166,50,2.5, N,1.0,7,4,6,,,,, Beverages,3, N, N,0,,,,,,0.0,0.0,0.0,0.0,,,,15,1.5333333333333334,877.8,20552.066666666666,2.5, N,23.0,13167.0,308281.0,37.5
11288,457,8166,69,3.25, N,1.0,7,4,6,,,,, Food,4, N, N,0,,,,,,0.0,0.0,0.0,0.0,,,,6,1.0,977.8333333333334,15846.666666666666,3.385, N,6.0,5867.0,95080.0,20.31
11528,115,469,54,2.5, Y,1.0,8,4,0,,,,, Beverages,3, N, N,0,,,,,,0.0,0.0,0.0,0.0,,,,16,1.5,840.0,29432.0,2.5, Y,24.0,13440.0,470912.0,40.0
11533,120,469,43,3.0, N,1.0,8,4,0,,,,, Beverages,3, N, N,0,,,,,,0.0,0.0,0.0,0.0,,,,6,1.5745704466666668,746.0,36618.0,3.0, N,9.44742268,4476.0,219708.0,18.0
11715,254,213,32,3.0, N,1.0,8,4,0,664, F,1996, Gen Z, Beverages,3, N, N,1,1.0,254.0,11715.0,3.0, N,1.0,254.0,11715.0,3.0,24,1,3,6,1.3333333333333333,1066.6666666666667,25681.666666666668,3.0, N,8.0,6400.0,154090.0,18.0
11750,284,61,61,4.75, N,2.0,8,4,0,8127, M,1981, Older Millennials, Beverages,5, N, N,4,1.25,341.25,11820.25,3.625, N,5.0,1365.0,47281.0,14.5,8,2,2,12,1.45395189,886.6666666666666,22386.0,4.75, N,17.44742268,10640.0,268632.0,57.0
11829,350,61,39,4.25, N,1.0,8,4,0,8127, M,1981, Older Millennials, Beverages,4, N, N,4,1.25,341.25,11820.25,3.625, N,5.0,1365.0,47281.0,14.5,8,2,2,12,1.4166666666666667,1080.5833333333333,21021.833333333332,4.25, N,17.0,12967.0,252262.0,51.0
11834,354,61,29,2.5, N,1.0,8,4,0,8127, M,1981, Older Millennials, Beverages,3, N, N,4,1.25,341.25,11820.25,3.625, N,5.0,1365.0,47281.0,14.5,8,2,2,13,1.4615384615384615,1016.8461538461538,24873.923076923078,2.5, N,19.0,13219.0,323361.0,32.5
11868,377,61,24,3.0, Y,1.0,8,4,0,8127, M,1981, Older Millennials, Beverages,3, N, N,4,1.25,341.25,11820.25,3.625, N,5.0,1365.0,47281.0,14.5,8,2,2,12,1.45395189,589.3333333333334,20804.25,3.0, Y,17.44742268,7072.0,249651.0,36.0
11900,399,697,61,4.75, N,1.0,8,4,0,,,,, Beverages,5, N, N,0,,,,,,0.0,0.0,0.0,0.0,,,,12,1.45395189,886.6666666666666,22386.0,4.75, N,17.44742268,10640.0,268632.0,57.0
11930,423,697,36,3.75, Y,1.0,8,4,0,,,,, Beverages,4, N, N,0,,,,,,0.0,0.0,0.0,0.0,,,,12,1.25,1306.0,26884.5,3.75, Y,15.0,15672.0,322614.0,45.0
11959,448,184,30,3.0, N,1.0,8,4,0,5393, F,1964, Baby Boomers, Beverages,3, N, N,1,1.0,448.0,11959.0,3.0, N,1.0,448.0,11959.0,3.0,17,8,3,8,1.125,1249.75,26579.5,3.0, N,9.0,9998.0,212636.0,24.0
11986,12,5264,49,3.0, Y,1.0,8,4,0,,,,, Beverages,3, N, N,0,,,,,,0.0,0.0,0.0,0.0,,,,12,1.3333333333333333,1069.1666666666667,26976.75,3.0, Y,16.0,12830.0,323721.0,36.0
12215,172,5480,71,3.75, N,1.0,8,4,0,,,,, Food,4, N, N,0,,,,,,0.0,0.0,0.0,0.0,,,,10,1.0,454.3,20002.1,3.75, N,10.0,4543.0,200021.0,37.5
12374,290,5302,35,3.1, Y,2.0,8,4,0,,,,, Beverages,3, N, N,0,,,,,,0.0,0.0,0.0,0.0,,,,9,1.6666666666666667,950.7777777777778,31450.88888888889,3.1, Y,15.0,8557.0,283058.0,27.900000000000002
12430,337,5746,54,2.5, N,2.0,8,4,0,,,,, Beverages,3, N, N,0,,,,,,0.0,0.0,0.0,0.0,,,,16,1.5,840.0,29432.0,2.5, Y,24.0,13440.0,470912.0,40.0
12453,356,5746,64,0.8, Y,2.0,8,4,0,,,,, Add-ons,1, N, N,0,,,,,,0.0,0.0,0.0,0.0,,,,2,1.5,185.0,25592.5,0.8, N,3.0,370.0,51185.0,1.6
12484,382,5746,60,3.75, Y,1.0,8,4,0,,,,, Beverages,4, N, N,0,,,,,,0.0,0.0,0.0,0.0,,,,11,1.4043111527272727,580.8181818181819,26302.545454545456,3.75, N,15.44742268,6389.0,289328.0,41.25
12540,429,5106,23,2.5, N,1.0,8,4,0,,,,, Beverages,3, N, N,0,,,,,,0.0,0.0,0.0,0.0,,,,8,1.5559278349999999,1142.625,21818.0,2.5, Y,12.447422679999999,9141.0,174544.0,20.0
12655,63,5106,37,3.0, Y,1.0,8,4,0,,,,, Beverages,3, N, N,0,,,,,,0.0,0.0,0.0,0.0,,,,6,1.1666666666666667,323.6666666666667,17569.5,3.0, N,7.0,1942.0,105417.0,18.0
12705,101,8330,22,2.0, Y,1.0,8,4,0,,,,, Beverages,2, N, N,0,,,,,,0.0,0.0,0.0,0.0,,,,7,1.4285714285714286,810.8571428571429,27682.714285714286,2.0, Y,10.0,5676.0,193779.0,14.0
12716,110,8330,53,3.0, Y,1.0,8,4,0,,,,, Beverages,3, N, N,0,,,,,,0.0,0.0,0.0,0.0,,,,11,1.5454545454545454,929.9090909090909,28873.727272727272,3.0, Y,17.0,10229.0,317611.0,33.0
12761,141,8330,34,2.45, N,1.0,8,4,0,,,,, Beverages,2, N, N,0,,,,,,0.0,0.0,0.0,0.0,,,,13,1.3846153846153846,984.2307692307693,25668.076923076922,2.45, Y,18.0,12795.0,333685.0,31.85
12991,316,8330,55,4.0, N,2.0,8,4,0,,,,, Beverages,4, N, N,0,,,,,,0.0,0.0,0.0,0.0,,,,15,1.8,770.5333333333333,28765.533333333333,4.0, N,27.0,11558.0,431483.0,60.0
13201,476,8151,56,2.55, N,1.0,8,4,0,,,,, Beverages,3, N, N,0,,,,,,0.0,0.0,0.0,0.0,,,,14,1.5319587628571427,1319.142857142857,28148.5,2.55, Y,21.44742268,18468.0,394079.0,35.699999999999996
13257,36,711,25,2.2, Y,1.0,9,4,1,,,,, Beverages,2, N, N,0,,,,,,0.0,0.0,0.0,0.0,,,,6,1.8333333333333333,539.1666666666666,30197.666666666668,2.2, N,11.0,3235.0,181186.0,13.200000000000001
13323,85,711,71,3.75, N,1.0,9,4,1,,,,, Food,4, N, N,0,,,,,,0.0,0.0,0.0,0.0,,,,10,1.0,454.3,20002.1,3.75, N,10.0,4543.0,200021.0,37.5
13390,141,711,6,21.0, N,1.0,9,4,1,,,,, Whole Bea,21, N, N,0,,,,,,0.0,0.0,0.0,0.0,,,,2,1.0,153.0,23852.0,21.0, N,2.0,306.0,47704.0,42.0
13447,183,711,54,2.5, Y,1.0,9,4,1,,,,, Beverages,3, N, N,0,,,,,,0.0,0.0,0.0,0.0,,,,16,1.5,840.0,29432.0,2.5, Y,24.0,13440.0,470912.0,40.0
13450,184,368,77,3.0, N,1.0,9,4,1,,,,, Food,3, N, N,0,,,,,,0.0,0.0,0.0,0.0,,,,12,1.0,881.75,26039.833333333332,3.0, N,12.0,10581.0,312478.0,36.0
13636,319,368,34,2.45, Y,1.0,9,4,1,,,,, Beverages,2, N, N,0,,,,,,0.0,0.0,0.0,0.0,,,,13,1.3846153846153846,984.2307692307693,25668.076923076922,2.45, Y,18.0,12795.0,333685.0,31.85
13795,54,5100,28,2.0, Y,2.0,9,4,1,,,,, Beverages,2, N, N,0,,,,,,0.0,0.0,0.0,0.0,,,,11,1.6363636363636365,543.9090909090909,23011.81818181818,2.0, Y,18.0,5983.0,253130.0,22.0
13918,150,5219,50,2.5, Y,2.0,9,4,1,,,,, Beverages,3, N, N,0,,,,,,0.0,0.0,0.0,0.0,,,,15,1.5333333333333334,877.8,20552.066666666666,2.5, N,23.0,13167.0,308281.0,37.5
14047,251,5219,69,4.06, Y,1.0,9,4,1,,,,, Food,4, N, N,0,,,,,,0.0,0.0,0.0,0.0,,,,6,1.0,977.8333333333334,15846.666666666666,3.385, N,6.0,5867.0,95080.0,20.31
14404,96,5219,56,2.55, Y,1.0,9,4,1,,,,, Beverages,3, N, N,0,,,,,,0.0,0.0,0.0,0.0,,,,14,1.5319587628571427,1319.142857142857,28148.5,2.55, Y,21.44742268,18468.0,394079.0,35.699999999999996
14427,113,5219,63,0.8, Y,2.0,9,4,1,,,,, Add-ons,1, N, N,0,,,,,,0.0,0.0,0.0,0.0,,,,10,1.6,704.9,26429.5,0.8, Y,16.0,7049.0,264295.0,8.0
14544,199,5219,35,3.1, Y,1.0,9,4,1,,,,, Beverages,3, N, N,0,,,,,,0.0,0.0,0.0,0.0,,,,9,1.6666666666666667,950.7777777777778,31450.88888888889,3.1, Y,15.0,8557.0,283058.0,27.900000000000002
14554,206,5219,71,3.75, Y,1.0,9,4,1,,,,, Food,4, N, N,0,,,,,,0.0,0.0,0.0,0.0,,,,10,1.0,454.3,20002.1,3.75, N,10.0,4543.0,200021.0,37.5
14581,224,5219,28,2.0, Y,1.0,9,4,1,,,,, Beverages,2, N, N,0,,,,,,0.0,0.0,0.0,0.0,,,,11,1.6363636363636365,543.9090909090909,23011.81818181818,2.0, Y,18.0,5983.0,253130.0,22.0
14609,246,8147,29,2.5, N,2.0,9,4,1,,,,, Beverages,3, N, N,0,,,,,,0.0,0.0,0.0,0.0,,,,13,1.4615384615384615,1016.8461538461538,24873.923076923078,2.5, N,19.0,13219.0,323361.0,32.5
14645,273,8284,39,4.25, Y,2.0,9,4,1,,,,, Beverages,4, N, N,0,,,,,,0.0,0.0,0.0,0.0,,,,12,1.4166666666666667,1080.5833333333333,21021.833333333332,4.25, N,17.0,12967.0,252262.0,51.0
14881,438,8495,77,3.0, N,1.0,9,4,1,,,,, Food,3, N, N,0,,,,,,0.0,0.0,0.0,0.0,,,,12,1.0,881.75,26039.833333333332,3.0, N,12.0,10581.0,312478.0,36.0
14983,15,8495,27,3.5, N,1.0,10,4,2,,,,, Beverages,4, N, N,0,,,,,,0.0,0.0,0.0,0.0,,,,9,1.7777777777777777,905.0,20958.555555555555,3.5, N,16.0,8145.0,188627.0,31.5
15300,252,8495,45,3.0, Y,2.0,10,4,2,,,,, Beverages,3, N, N,0,,,,,,0.0,0.0,0.0,0.0,,,,10,1.8,996.2,22357.8,3.0, N,18.0,9962.0,223578.0,30.0
15506,403,74,48,2.5, N,2.0,10,4,2,5180, N,1997, Gen Z, Beverages,3, N, N,3,2.0,410.0,15515.0,2.433333333333333, N,6.0,1230.0,46545.0,7.3,19,11,0,8,1.5559278349999999,1024.5,25114.125,2.5, N,12.447422679999999,8196.0,200913.0,20.0
15518,412,74,84,0.8, Y,2.0,10,4,2,5180, N,1997, Gen Z, Add-ons,1, N, N,3,2.0,410.0,15515.0,2.433333333333333, N,6.0,1230.0,46545.0,7.3,19,11,0,10,1.7,483.0,23255.1,0.8, Y,17.0,4830.0,232551.0,8.0
15521,415,74,55,4.0, N,2.0,10,4,2,5180, N,1997, Gen Z, Beverages,4, N, N,3,2.0,410.0,15515.0,2.433333333333333, N,6.0,1230.0,46545.0,7.3,19,11,0,15,1.8,770.5333333333333,28765.533333333333,4.0, N,27.0,11558.0,431483.0,60.0
15589,49,5670,77,3.0, Y,1.0,10,4,2,,,,, Food,3, N, N,0,,,,,,0.0,0.0,0.0,0.0,,,,12,1.0,881.75,26039.833333333332,3.0, N,12.0,10581.0,312478.0,36.0
15661,97,5269,34,2.45, Y,1.0,10,4,2,,,,, Beverages,2, N, N,0,,,,,,0.0,0.0,0.0,0.0,,,,13,1.3846153846153846,984.2307692307693,25668.076923076922,2.45, Y,18.0,12795.0,333685.0,31.85
15959,322,5269,69,3.25, N,1.0,10,4,2,,,,, Food,4, N, N,0,,,,,,0.0,0.0,0.0,0.0,,,,6,1.0,977.8333333333334,15846.666666666666,3.385, N,6.0,5867.0,95080.0,20.31
15986,341,5646,36,3.75, Y,2.0,10,4,2,,,,, Beverages,4, N, N,0,,,,,,0.0,0.0,0.0,0.0,,,,12,1.25,1306.0,26884.5,3.75, Y,15.0,15672.0,322614.0,45.0
16134,22,5646,52,2.5, Y,1.0,10,4,2,,,,, Beverages,3, N, N,0,,,,,,0.0,0.0,0.0,0.0,,,,6,1.3333333333333333,496.3333333333333,21376.666666666668,2.5, N,8.0,2978.0,128260.0,15.0
16140,26,5646,55,4.0, N,2.0,10,4,2,,,,, Beverages,4, N, N,0,,,,,,0.0,0.0,0.0,0.0,,,,15,1.8,770.5333333333333,28765.533333333333,4.0, N,27.0,11558.0,431483.0,60.0
16311,151,8247,54,2.5, Y,2.0,10,4,2,,,,, Beverages,3, N, N,0,,,,,,0.0,0.0,0.0,0.0,,,,16,1.5,840.0,29432.0,2.5, Y,24.0,13440.0,470912.0,40.0
16423,238,8247,79,3.75, Y,1.0,10,4,2,,,,, Food,4, N, N,0,,,,,,0.0,0.0,0.0,0.0,,,,7,1.0639175257142857,1137.142857142857,25999.14285714286,3.75, N,7.44742268,7960.0,181994.0,26.25
16426,241,8310,33,3.5, N,2.0,10,4,2,,,,, Beverages,4, N, N,0,,,,,,0.0,0.0,0.0,0.0,,,,10,2.0,1388.9,20841.0,3.5, Y,20.0,13889.0,208410.0,35.0
16458,261,8310,55,4.0, N,2.0,10,4,2,,,,, Beverages,4, N, N,0,,,,,,0.0,0.0,0.0,0.0,,,,15,1.8,770.5333333333333,28765.533333333333,4.0, N,27.0,11558.0,431483.0,60.0
16514,300,8395,38,3.75, Y,1.0,10,4,2,,,,, Beverages,4, N, N,0,,,,,,0.0,0.0,0.0,0.0,,,,8,1.5,1329.5,26835.25,3.75, N,12.0,10636.0,214682.0,30.0
16525,306,8395,84,0.8, Y,2.0,10,4,2,,,,, Add-ons,1, N, N,0,,,,,,0.0,0.0,0.0,0.0,,,,10,1.7,483.0,23255.1,0.8, Y,17.0,4830.0,232551.0,8.0
16693,431,8395,27,3.5, Y,2.0,10,4,2,,,,, Beverages,4, N, N,0,,,,,,0.0,0.0,0.0,0.0,,,,9,1.7777777777777777,905.0,20958.555555555555,3.5, N,16.0,8145.0,188627.0,31.5
17031,213,8395,59,4.5, N,1.0,11,4,3,,,,, Beverages,5, N, N,0,,,,,,0.0,0.0,0.0,0.0,,,,10,1.5,1117.7,19157.5,4.5, Y,15.0,11177.0,191575.0,45.0
17039,220,192,47,3.0, N,2.0,11,4,3,5704, F,2001, Gen Z, Beverages,3, N, N,2,1.5,299.5,17145.0,3.0, N,3.0,599.0,34290.0,6.0,6,4,5,3,1.3333333333333333,546.3333333333334,18867.0,3.0, N,4.0,1639.0,56601.0,9.0
17251,379,192,49,3.0, N,1.0,11,4,3,5704, F,2001, Gen Z, Beverages,3, N, N,2,1.5,299.5,17145.0,3.0, N,3.0,599.0,34290.0,6.0,6,4,5,12,1.3333333333333333,1069.1666666666667,26976.75,3.0, Y,16.0,12830.0,323721.0,36.0
17348,59,5611,22,2.0, Y,2.0,11,4,3,,,,, Beverages,2, N, N,0,,,,,,0.0,0.0,0.0,0.0,,,,7,1.4285714285714286,810.8571428571429,27682.714285714286,2.0, Y,10.0,5676.0,193779.0,14.0
17408,105,5352,44,2.5, N,1.0,11,4,3,,,,, Beverages,3, N, N,0,,,,,,0.0,0.0,0.0,0.0,,,,13,1.6498017446153845,1399.923076923077,30958.153846153848,2.5, N,21.44742268,18199.0,402456.0,32.5
17608,255,5630,59,4.5, N,1.0,11,4,3,,,,, Beverages,5, N, N,0,,,,,,0.0,0.0,0.0,0.0,,,,10,1.5,1117.7,19157.5,4.5, Y,15.0,11177.0,191575.0,45.0
17714,330,5153,52,2.5, Y,2.0,11,4,3,,,,, Beverages,3, N, N,0,,,,,,0.0,0.0,0.0,0.0,,,,6,1.3333333333333333,496.3333333333333,21376.666666666668,2.5, N,8.0,2978.0,128260.0,15.0
17771,371,5153,16,8.95, N,1.0,11,4,3,,,,, Whole Bea,9, N, N,0,,,,,,0.0,0.0,0.0,0.0,,,,2,1.0,575.5,21489.0,8.95, N,2.0,1151.0,42978.0,17.9
17890,24,8365,60,3.75, N,2.0,11,4,3,,,,, Beverages,4, N, N,0,,,,,,0.0,0.0,0.0,0.0,,,,11,1.4043111527272727,580.8181818181819,26302.545454545456,3.75, N,15.44742268,6389.0,289328.0,41.25
17900,31,8069,78,4.5, Y,1.0,11,4,3,,,,, Food,5, N, N,0,,,,,,0.0,0.0,0.0,0.0,,,,4,1.0,88.75,37583.0,4.5, N,4.0,355.0,150332.0,18.0
18163,207,8069,71,3.75, N,1.0,11,4,3,,,,, Food,4, N, N,0,,,,,,0.0,0.0,0.0,0.0,,,,10,1.0,454.3,20002.1,3.75, N,10.0,4543.0,200021.0,37.5
18164,208,8495,71,3.75, N,1.0,11,4,3,,,,, Food,4, N, N,0,,,,,,0.0,0.0,0.0,0.0,,,,10,1.0,454.3,20002.1,3.75, N,10.0,4543.0,200021.0,37.5
18179,220,8202,34,2.45, N,2.0,11,4,3,,,,, Beverages,2, N, N,0,,,,,,0.0,0.0,0.0,0.0,,,,13,1.3846153846153846,984.2307692307693,25668.076923076922,2.45, Y,18.0,12795.0,333685.0,31.85
18315,331,8411,28,2.0, Y,2.0,11,4,3,,,,, Beverages,2, N, N,0,,,,,,0.0,0.0,0.0,0.0,,,,11,1.6363636363636365,543.9090909090909,23011.81818181818,2.0, Y,18.0,5983.0,253130.0,22.0
18415,412,8243,40,3.75, Y,2.0,11,4,3,,,,, Beverages,4, N, N,0,,,,,,0.0,0.0,0.0,0.0,,,,7,1.7142857142857142,484.57142857142856,21998.571428571428,3.75, Y,12.0,3392.0,153990.0,26.25
18423,418,8008,28,2.0, Y,1.0,11,4,3,,,,, Beverages,2, N, N,0,,,,,,0.0,0.0,0.0,0.0,,,,11,1.6363636363636365,543.9090909090909,23011.81818181818,2.0, Y,18.0,5983.0,253130.0,22.0
18446,436,8008,38,3.75, Y,2.0,11,4,3,,,,, Beverages,4, N, N,0,,,,,,0.0,0.0,0.0,0.0,,,,8,1.5,1329.5,26835.25,3.75, N,12.0,10636.0,214682.0,30.0
18456,443,8008,59,4.5, Y,2.0,11,4,3,,,,, Beverages,5, N, N,0,,,,,,0.0,0.0,0.0,0.0,,,,10,1.5,1117.7,19157.5,4.5, Y,15.0,11177.0,191575.0,45.0
18686,214,8008,3,14.75, N,1.0,12,4,4,,,,, Whole Bea,15, N, N,0,,,,,,0.0,0.0,0.0,0.0,,,,2,1.0,305.0,26566.5,14.75, N,2.0,610.0,53133.0,29.5
18787,312,741,54,2.5, Y,1.0,12,4,4,,,,, Beverages,3, N, N,0,,,,,,0.0,0.0,0.0,0.0,,,,16,1.5,840.0,29432.0,2.5, Y,24.0,13440.0,470912.0,40.0
18865,379,741,12,8.95, Y,1.0,12,4,4,,,,, Whole Bea,9, N, N,0,,,,,,0.0,0.0,0.0,0.0,,,,2,1.0,890.5,30987.5,8.95, N,2.0,1781.0,61975.0,17.9
19075,139,5471,30,3.0, N,1.0,12,4,4,,,,, Beverages,3, N, N,0,,,,,,0.0,0.0,0.0,0.0,,,,8,1.125,1249.75,26579.5,3.0, N,9.0,9998.0,212636.0,24.0
19211,243,5471,34,2.45, Y,1.0,12,4,4,,,,, Beverages,2, N, N,0,,,,,,0.0,0.0,0.0,0.0,,,,13,1.3846153846153846,984.2307692307693,25668.076923076922,2.45, Y,18.0,12795.0,333685.0,31.85
19500,445,5460,26,3.0, N,1.0,12,4,4,,,,, Beverages,3, N, N,0,,,,,,0.0,0.0,0.0,0.0,,,,7,1.4285714285714286,1013.1428571428571,25968.285714285714,3.0, N,10.0,7092.0,181778.0,21.0
19555,39,8050,84,0.8, Y,2.0,12,4,4,,,,, Add-ons,1, N, N,0,,,,,,0.0,0.0,0.0,0.0,,,,10,1.7,483.0,23255.1,0.8, Y,17.0,4830.0,232551.0,8.0
19584,61,8050,63,0.8, Y,2.0,12,4,4,,,,, Add-ons,1, N, N,0,,,,,,0.0,0.0,0.0,0.0,,,,10,1.6,704.9,26429.5,0.8, Y,16.0,7049.0,264295.0,8.0
19592,67,8114,26,3.0, Y,2.0,12,4,4,,,,, Beverages,3, N, N,0,,,,,,0.0,0.0,0.0,0.0,,,,7,1.4285714285714286,1013.1428571428571,25968.285714285714,3.0, N,10.0,7092.0,181778.0,21.0
19753,195,8364,42,2.5, Y,2.0,12,4,4,,,,, Beverages,3, N, N,0,,,,,,0.0,0.0,0.0,0.0,,,,10,2.0,924.3,26855.5,2.5, Y,20.0,9243.0,268555.0,25.0
19798,228,8301,36,3.75, Y,1.0,12,4,4,,,,, Beverages,4, N, N,0,,,,,,0.0,0.0,0.0,0.0,,,,12,1.25,1306.0,26884.5,3.75, Y,15.0,15672.0,322614.0,45.0
19854,271,8256,50,2.5, Y,2.0,12,4,4,,,,, Beverages,3, N, N,0,,,,,,0.0,0.0,0.0,0.0,,,,15,1.5333333333333334,877.8,20552.066666666666,2.5, N,23.0,13167.0,308281.0,37.5
19898,304,8073,53,3.0, N,2.0,12,4,4,,,,, Beverages,3, N, N,0,,,,,,0.0,0.0,0.0,0.0,,,,11,1.5454545454545454,929.9090909090909,28873.727272727272,3.0, Y,17.0,10229.0,317611.0,33.0
19926,325,8073,63,0.8, Y,2.0,12,4,4,,,,, Add-ons,1, N, N,0,,,,,,0.0,0.0,0.0,0.0,,,,10,1.6,704.9,26429.5,0.8, Y,16.0,7049.0,264295.0,8.0
19984,369,8073,31,2.2, Y,2.0,12,4,4,,,,, Beverages,2, N, N,0,,,,,,0.0,0.0,0.0,0.0,,,,9,1.8274914088888887,1567.3333333333333,25769.0,2.2, N,16.44742268,14106.0,231921.0,19.8
20000,382,8073,25,2.2, Y,2.0,12,4,4,,,,, Beverages,2, N, N,0,,,,,,0.0,0.0,0.0,0.0,,,,6,1.8333333333333333,539.1666666666666,30197.666666666668,2.2, N,11.0,3235.0,181186.0,13.200000000000001
20106,459,8073,44,2.5, Y,1.0,12,4,4,,,,, Beverages,3, N, N,0,,,,,,0.0,0.0,0.0,0.0,,,,13,1.6498017446153845,1399.923076923077,30958.153846153848,2.5, N,21.44742268,18199.0,402456.0,32.5
20284,102,8073,40,3.75, Y,2.0,13,4,5,,,,, Beverages,4, N, N,0,,,,,,0.0,0.0,0.0,0.0,,,,7,1.7142857142857142,484.57142857142856,21998.571428571428,3.75, Y,12.0,3392.0,153990.0,26.25
20345,149,8073,35,3.1, Y,2.0,13,4,5,,,,, Beverages,3, N, N,0,,,,,,0.0,0.0,0.0,0.0,,,,9,1.6666666666666667,950.7777777777778,31450.88888888889,3.1, Y,15.0,8557.0,283058.0,27.900000000000002
20356,158,98,31,2.2, Y,2.0,13,4,5,5655, N,1993, Younger Millennials, Beverages,2, N, N,2,1.5,243.0,20464.0,2.35, N,3.0,486.0,40928.0,4.7,15,6,4,9,1.8274914088888887,1567.3333333333333,25769.0,2.2, N,16.44742268,14106.0,231921.0,19.8
20572,328,98,50,2.5, N,1.0,13,4,5,5655, N,1993, Younger Millennials, Beverages,3, N, N,2,1.5,243.0,20464.0,2.35, N,3.0,486.0,40928.0,4.7,15,6,4,15,1.5333333333333334,877.8,20552.066666666666,2.5, N,23.0,13167.0,308281.0,37.5
20668,12,5255,32,3.0, N,2.0,13,4,5,,,,, Beverages,3, N, N,0,,,,,,0.0,0.0,0.0,0.0,,,,6,1.3333333333333333,1066.6666666666667,25681.666666666668,3.0, N,8.0,6400.0,154090.0,18.0
20714,46,5255,40,3.75, N,2.0,13,4,5,,,,, Beverages,4, N, N,0,,,,,,0.0,0.0,0.0,0.0,,,,7,1.7142857142857142,484.57142857142856,21998.571428571428,3.75, Y,12.0,3392.0,153990.0,26.25
20822,118,5255,63,0.8, Y,2.0,13,4,5,,,,, Add-ons,1, N, N,0,,,,,,0.0,0.0,0.0,0.0,,,,10,1.6,704.9,26429.5,0.8, Y,16.0,7049.0,264295.0,8.0
20986,230,5345,29,2.5, N,1.0,13,4,5,,,,, Beverages,3, N, N,0,,,,,,0.0,0.0,0.0,0.0,,,,13,1.4615384615384615,1016.8461538461538,24873.923076923078,2.5, N,19.0,13219.0,323361.0,32.5
21194,372,5345,84,0.8, Y,2.0,13,4,5,,,,, Add-ons,1, N, N,0,,,,,,0.0,0.0,0.0,0.0,,,,10,1.7,483.0,23255.1,0.8, Y,17.0,4830.0,232551.0,8.0
21470,142,5345,55,4.0, N,2.0,13,4,5,,,,, Beverages,4, N, N,0,,,,,,0.0,0.0,0.0,0.0,,,,15,1.8,770.5333333333333,28765.533333333333,4.0, N,27.0,11558.0,431483.0,60.0
21517,174,8206,37,3.0, N,2.0,13,4,5,,,,, Beverages,3, N, N,0,,,,,,0.0,0.0,0.0,0.0,,,,6,1.1666666666666667,323.6666666666667,17569.5,3.0, N,7.0,1942.0,105417.0,18.0
21971,503,8481,79,3.75, N,1.0,13,4,5,,,,, Food,4, N, N,0,,,,,,0.0,0.0,0.0,0.0,,,,7,1.0639175257142857,1137.142857142857,25999.14285714286,3.75, N,7.44742268,7960.0,181994.0,26.25
22033,42,8481,40,3.75, Y,2.0,14,4,6,,,,, Beverages,4, N, N,0,,,,,,0.0,0.0,0.0,0.0,,,,7,1.7142857142857142,484.57142857142856,21998.571428571428,3.75, Y,12.0,3392.0,153990.0,26.25
22127,108,342,81,28.0, N,1.0,14,4,6,,,,, Merchandi,28, N, N,0,,,,,,0.0,0.0,0.0,0.0,,,,2,1.0,255.5,24848.0,28.0, N,2.0,511.0,49696.0,56.0
22181,153,342,55,4.0, Y,1.0,14,4,6,,,,, Beverages,4, N, N,0,,,,,,0.0,0.0,0.0,0.0,,,,15,1.8,770.5333333333333,28765.533333333333,4.0, N,27.0,11558.0,431483.0,60.0
22195,163,367,52,2.5, N,1.0,14,4,6,,,,, Beverages,3, N, N,0,,,,,,0.0,0.0,0.0,0.0,,,,6,1.3333333333333333,496.3333333333333,21376.666666666668,2.5, N,8.0,2978.0,128260.0,15.0
22224,184,170,4,20.45, N,1.0,14,4,6,5330, M,1957, Baby Boomers, Whole Bea,20, N, N,1,1.0,184.0,22224.0,20.45, N,1.0,184.0,22224.0,20.45,3,5,2,1,1.0,184.0,22224.0,20.45, N,1.0,184.0,22224.0,20.45
22279,224,476,77,3.0, N,1.0,14,4,6,,,,, Food,3, N, N,0,,,,,,0.0,0.0,0.0,0.0,,,,12,1.0,881.75,26039.833333333332,3.0, N,12.0,10581.0,312478.0,36.0
22477,12,476,74,3.5, Y,1.0,14,4,6,,,,, Food,4, N, N,0,,,,,,0.0,0.0,0.0,0.0,,,,3,1.0,333.6666666666667,33904.0,3.5, Y,3.0,1001.0,101712.0,10.5
22585,79,476,54,2.5, Y,1.0,14,4,6,,,,, Beverages,3, N, N,0,,,,,,0.0,0.0,0.0,0.0,,,,16,1.5,840.0,29432.0,2.5, Y,24.0,13440.0,470912.0,40.0
22618,104,476,36,3.75, N,1.0,14,4,6,,,,, Beverages,4, N, N,0,,,,,,0.0,0.0,0.0,0.0,,,,12,1.25,1306.0,26884.5,3.75, Y,15.0,15672.0,322614.0,45.0
22632,113,476,32,3.0, N,1.0,14,4,6,,,,, Beverages,3, N, N,0,,,,,,0.0,0.0,0.0,0.0,,,,6,1.3333333333333333,1066.6666666666667,25681.666666666668,3.0, N,8.0,6400.0,154090.0,18.0
22653,127,476,24,3.0, Y,1.0,14,4,6,,,,, Beverages,3, N, N,0,,,,,,0.0,0.0,0.0,0.0,,,,12,1.45395189,589.3333333333334,20804.25,3.0, Y,17.44742268,7072.0,249651.0,36.0
22720,168,476,53,3.0, Y,2.0,14,4,6,,,,, Beverages,3, N, N,0,,,,,,0.0,0.0,0.0,0.0,,,,11,1.5454545454545454,929.9090909090909,28873.727272727272,3.0, Y,17.0,10229.0,317611.0,33.0
22796,223,476,24,3.0, Y,2.0,14,4,6,,,,, Beverages,3, N, N,0,,,,,,0.0,0.0,0.0,0.0,,,,12,1.45395189,589.3333333333334,20804.25,3.0, Y,17.44742268,7072.0,249651.0,36.0
22825,242,476,37,3.0, Y,1.0,14,4,6,,,,, Beverages,3, N, N,0,,,,,,0.0,0.0,0.0,0.0,,,,6,1.1666666666666667,323.6666666666667,17569.5,3.0, N,7.0,1942.0,105417.0,18.0
22842,251,476,63,0.8, N,1.0,14,4,6,,,,, Add-ons,1, N, N,0,,,,,,0.0,0.0,0.0,0.0,,,,10,1.6,704.9,26429.5,0.8, Y,16.0,7049.0,264295.0,8.0
22853,255,476,83,14.0, Y,1.0,14,4,6,,,,, Merchandi,14, N, N,0,,,,,,0.0,0.0,0.0,0.0,,,,2,1.0,459.0,24953.5,14.0, Y,2.0,918.0,49907.0,28.0
22885,278,476,70,3.25, Y,1.0,14,4,6,,,,, Food,3, N, N,0,,,,,,0.0,0.0,0.0,0.0,,,,5,1.0,628.0,30648.0,3.25, Y,5.0,3140.0,153240.0,16.25
22998,6,476,84,0.8, N,1.0,14,4,6,,,,, Add-ons,1, N, N,0,,,,,,0.0,0.0,0.0,0.0,,,,10,1.7,483.0,23255.1,0.8, Y,17.0,4830.0,232551.0,8.0
23121,82,476,24,3.0, Y,2.0,14,4,6,,,,, Beverages,3, N, N,0,,,,,,0.0,0.0,0.0,0.0,,,,12,1.45395189,589.3333333333334,20804.25,3.0, Y,17.44742268,7072.0,249651.0,36.0
23239,157,476,48,2.5, N,1.0,14,4,6,,,,, Beverages,3, N, N,0,,,,,,0.0,0.0,0.0,0.0,,,,8,1.5559278349999999,1024.5,25114.125,2.5, N,12.447422679999999,8196.0,200913.0,20.0
23287,188,476,41,4.25, N,2.0,14,4,6,,,,, Beverages,4, N, N,0,,,,,,0.0,0.0,0.0,0.0,,,,9,1.4327605955555556,1270.4444444444443,33786.333333333336,4.25, Y,12.89484536,11434.0,304077.0,38.25
23348,229,476,28,2.0, N,1.0,14,4,6,,,,, Beverages,2, N, N,0,,,,,,0.0,0.0,0.0,0.0,,,,11,1.6363636363636365,543.9090909090909,23011.81818181818,2.0, Y,18.0,5983.0,253130.0,22.0
23634,420,476,41,4.25, N,2.0,14,4,6,,,,, Beverages,4, N, N,0,,,,,,0.0,0.0,0.0,0.0,,,,9,1.4327605955555556,1270.4444444444443,33786.333333333336,4.25, Y,12.89484536,11434.0,304077.0,38.25
23705,472,476,57,3.1, Y,1.0,14,4,6,,,,, Beverages,3, N, N,0,,,,,,0.0,0.0,0.0,0.0,,,,10,1.4,803.6,23064.9,3.1, Y,14.0,8036.0,230649.0,31.0
23714,9,476,48,2.5, N,1.0,15,4,0,,,,, Beverages,3, N, N,0,,,,,,0.0,0.0,0.0,0.0,,,,8,1.5559278349999999,1024.5,25114.125,2.5, N,12.447422679999999,8196.0,200913.0,20.0
23752,129,476,56,2.55, Y,1.0,15,4,0,,,,, Beverages,3, N, N,0,,,,,,0.0,0.0,0.0,0.0,,,,14,1.5319587628571427,1319.142857142857,28148.5,2.55, Y,21.44742268,18468.0,394079.0,35.699999999999996
23867,466,476,84,0.8, Y,1.0,15,4,0,,,,, Add-ons,1, N, N,0,,,,,,0.0,0.0,0.0,0.0,,,,10,1.7,483.0,23255.1,0.8, Y,17.0,4830.0,232551.0,8.0
23968,703,476,57,3.1, Y,1.0,15,4,0,,,,, Beverages,3, N, N,0,,,,,,0.0,0.0,0.0,0.0,,,,10,1.4,803.6,23064.9,3.1, Y,14.0,8036.0,230649.0,31.0
24067,964,476,44,2.5, Y,2.0,15,4,0,,,,, Beverages,3, N, N,0,,,,,,0.0,0.0,0.0,0.0,,,,13,1.6498017446153845,1399.923076923077,30958.153846153848,2.5, N,21.44742268,18199.0,402456.0,32.5
24138,1180,547,36,3.75, N,1.0,15,4,0,,,,, Beverages,4, N, N,0,,,,,,0.0,0.0,0.0,0.0,,,,12,1.25,1306.0,26884.5,3.75, Y,15.0,15672.0,322614.0,45.0
24170,1253,547,42,2.5, N,2.0,15,4,0,,,,, Beverages,3, N, N,0,,,,,,0.0,0.0,0.0,0.0,,,,10,2.0,924.3,26855.5,2.5, Y,20.0,9243.0,268555.0,25.0
24212,1381,547,26,3.0, N,2.0,15,4,0,,,,, Beverages,3, N, N,0,,,,,,0.0,0.0,0.0,0.0,,,,7,1.4285714285714286,1013.1428571428571,25968.285714285714,3.0, N,10.0,7092.0,181778.0,21.0
24263,1536,547,79,3.75, N,1.0,15,4,0,,,,, Food,4, N, N,0,,,,,,0.0,0.0,0.0,0.0,,,,7,1.0639175257142857,1137.142857142857,25999.14285714286,3.75, N,7.44742268,7960.0,181994.0,26.25
24303,1679,547,33,3.5, Y,2.0,15,4,0,,,,, Beverages,4, N, N,0,,,,,,0.0,0.0,0.0,0.0,,,,10,2.0,1388.9,20841.0,3.5, Y,20.0,13889.0,208410.0,35.0
24419,43,547,65,0.8, Y,1.0,15,4,0,,,,, Add-ons,1, N, N,0,,,,,,0.0,0.0,0.0,0.0,,,,5,1.2,357.2,30646.6,0.8, N,6.0,1786.0,153233.0,4.0
24556,494,547,75,3.5, Y,1.44742268,15,4,0,,,,, Food,3, N, N,0,,,,,,0.0,0.0,0.0,0.0,,,,7,1.0639175257142857,1674.7142857142858,22974.14285714286,3.5, N,7.44742268,11723.0,160819.0,24.5
24820,1485,547,59,4.5, Y,1.0,15,4,0,,,,, Beverages,5, N, N,0,,,,,,0.0,0.0,0.0,0.0,,,,10,1.5,1117.7,19157.5,4.5, Y,15.0,11177.0,191575.0,45.0
24850,1599,547,73,3.75, N,1.0,15,4,0,,,,, Food,4, N, N,0,,,,,,0.0,0.0,0.0,0.0,,,,6,1.0,1271.3333333333333,17550.333333333332,3.75, N,6.0,7628.0,105302.0,22.5
24865,1632,5192,24,3.0, N,2.0,15,4,0,,,,, Beverages,3, N, N,0,,,,,,0.0,0.0,0.0,0.0,,,,12,1.45395189,589.3333333333334,20804.25,3.0, Y,17.44742268,7072.0,249651.0,36.0
25207,780,8348,16,8.95, N,1.0,15,4,0,,,,, Whole Bea,9, N, N,0,,,,,,0.0,0.0,0.0,0.0,,,,2,1.0,575.5,21489.0,8.95, N,2.0,1151.0,42978.0,17.9
25293,1144,8348,28,2.0, Y,2.0,15,4,0,,,,, Beverages,2, N, N,0,,,,,,0.0,0.0,0.0,0.0,,,,11,1.6363636363636365,543.9090909090909,23011.81818181818,2.0, Y,18.0,5983.0,253130.0,22.0
25326,1293,8348,33,3.5, Y,2.0,15,4,0,,,,, Beverages,4, N, N,0,,,,,,0.0,0.0,0.0,0.0,,,,10,2.0,1388.9,20841.0,3.5, Y,20.0,13889.0,208410.0,35.0
25407,1682,8348,23,2.5, Y,1.0,15,4,0,,,,, Beverages,3, N, N,0,,,,,,0.0,0.0,0.0,0.0,,,,8,1.5559278349999999,1142.625,21818.0,2.5, Y,12.447422679999999,9141.0,174544.0,20.0
25452,1898,8348,40,3.75, N,1.0,15,4,0,,,,, Beverages,4, N, N,0,,,,,,0.0,0.0,0.0,0.0,,,,7,1.7142857142857142,484.57142857142856,21998.571428571428,3.75, Y,12.0,3392.0,153990.0,26.25
25507,2124,8348,61,4.75, N,2.0,15,4,0,,,,, Beverages,5, N, N,0,,,,,,0.0,0.0,0.0,0.0,,,,12,1.45395189,886.6666666666666,22386.0,4.75, N,17.44742268,10640.0,268632.0,57.0
25835,848,8348,84,0.8, Y,2.0,16,4,1,,,,, Add-ons,1, N, N,0,,,,,,0.0,0.0,0.0,0.0,,,,10,1.7,483.0,23255.1,0.8, Y,17.0,4830.0,232551.0,8.0
26135,1760,725,43,3.0, N,2.0,16,4,1,,,,, Beverages,3, N, N,0,,,,,,0.0,0.0,0.0,0.0,,,,6,1.5745704466666668,746.0,36618.0,3.0, N,9.44742268,4476.0,219708.0,18.0
26235,39,725,23,2.5, Y,2.0,16,4,1,,,,, Beverages,3, N, N,0,,,,,,0.0,0.0,0.0,0.0,,,,8,1.5559278349999999,1142.625,21818.0,2.5, Y,12.447422679999999,9141.0,174544.0,20.0
26309,317,5239,76,3.5, N,1.0,16,4,1,,,,, Food,4, N, N,0,,,,,,0.0,0.0,0.0,0.0,,,,5,1.0,1071.8,35925.0,3.5, Y,5.0,5359.0,179625.0,17.5
26401,637,5239,50,2.5, N,2.0,16,4,1,,,,, Beverages,3, N, N,0,,,,,,0.0,0.0,0.0,0.0,,,,15,1.5333333333333334,877.8,20552.066666666666,2.5, N,23.0,13167.0,308281.0,37.5
26540,1164,5935,29,2.5, Y,1.0,16,4,1,,,,, Beverages,3, N, N,0,,,,,,0.0,0.0,0.0,0.0,,,,13,1.4615384615384615,1016.8461538461538,24873.923076923078,2.5, N,19.0,13219.0,323361.0,32.5
26952,368,5935,75,3.5, N,1.0,16,4,1,,,,, Food,3, N, N,0,,,,,,0.0,0.0,0.0,0.0,,,,7,1.0639175257142857,1674.7142857142858,22974.14285714286,3.5, N,7.44742268,11723.0,160819.0,24.5
27054,663,5935,83,14.0, Y,1.0,16,4,1,,,,, Merchandi,14, N, N,0,,,,,,0.0,0.0,0.0,0.0,,,,2,1.0,459.0,24953.5,14.0, Y,2.0,918.0,49907.0,28.0
27176,1082,8060,49,3.0, Y,1.0,16,4,1,,,,, Beverages,3, N, N,0,,,,,,0.0,0.0,0.0,0.0,,,,12,1.3333333333333333,1069.1666666666667,26976.75,3.0, Y,16.0,12830.0,323721.0,36.0
27252,1394,8060,25,2.2, N,2.0,16,4,1,,,,, Beverages,2, N, N,0,,,,,,0.0,0.0,0.0,0.0,,,,6,1.8333333333333333,539.1666666666666,30197.666666666668,2.2, N,11.0,3235.0,181186.0,13.200000000000001
27542,325,8060,35,3.1, Y,2.0,17,4,2,,,,, Beverages,3, N, N,0,,,,,,0.0,0.0,0.0,0.0,,,,9,1.6666666666666667,950.7777777777778,31450.88888888889,3.1, Y,15.0,8557.0,283058.0,27.900000000000002
27569,403,156,81,28.0, N,1.0,17,4,2,725, N,1962, Baby Boomers, Merchandi,28, N, N,2,1.0,510.5,27612.0,14.4, N,2.0,1021.0,55224.0,28.8,27,7,3,2,1.0,255.5,24848.0,28.0, N,2.0,511.0,49696.0,56.0
27655,618,156,65,0.8, N,1.0,17,4,2,725, N,1962, Baby Boomers, Add-ons,1, N, N,2,1.0,510.5,27612.0,14.4, N,2.0,1021.0,55224.0,28.8,27,7,3,5,1.2,357.2,30646.6,0.8, N,6.0,1786.0,153233.0,4.0
28239,504,5448,56,2.55, N,1.0,17,4,2,,,,, Beverages,3, N, N,0,,,,,,0.0,0.0,0.0,0.0,,,,14,1.5319587628571427,1319.142857142857,28148.5,2.55, Y,21.44742268,18468.0,394079.0,35.699999999999996
28252,547,5789,59,4.5, Y,2.0,17,4,2,,,,, Beverages,5, N, N,0,,,,,,0.0,0.0,0.0,0.0,,,,10,1.5,1117.7,19157.5,4.5, Y,15.0,11177.0,191575.0,45.0
28265,577,5827,2,18.0, Y,1.0,17,4,2,,,,, Whole Bea,18, N, N,0,,,,,,0.0,0.0,0.0,0.0,,,,2,1.22371134,912.5,35420.0,18.0, N,2.44742268,1825.0,70840.0,36.0
28395,1062,5203,47,3.0, Y,1.0,17,4,2,,,,, Beverages,3, N, N,0,,,,,,0.0,0.0,0.0,0.0,,,,3,1.3333333333333333,546.3333333333334,18867.0,3.0, N,4.0,1639.0,56601.0,9.0
28460,1330,5203,55,4.0, N,1.0,17,4,2,,,,, Beverages,4, N, N,0,,,,,,0.0,0.0,0.0,0.0,,,,15,1.8,770.5333333333333,28765.533333333333,4.0, N,27.0,11558.0,431483.0,60.0
28479,1425,5203,33,3.5, Y,2.0,17,4,2,,,,, Beverages,4, N, N,0,,,,,,0.0,0.0,0.0,0.0,,,,10,2.0,1388.9,20841.0,3.5, Y,20.0,13889.0,208410.0,35.0
28723,218,5203,23,2.5, N,1.0,17,4,2,,,,, Beverages,3, N, N,0,,,,,,0.0,0.0,0.0,0.0,,,,8,1.5559278349999999,1142.625,21818.0,2.5, Y,12.447422679999999,9141.0,174544.0,20.0
28802,403,5203,73,3.75, N,1.0,17,4,2,,,,, Food,4, N, N,0,,,,,,0.0,0.0,0.0,0.0,,,,6,1.0,1271.3333333333333,17550.333333333332,3.75, N,6.0,7628.0,105302.0,22.5
28911,739,8065,46,2.5, Y,1.0,17,4,2,,,,, Beverages,3, N, N,0,,,,,,0.0,0.0,0.0,0.0,,,,4,1.75,754.0,21206.75,2.5, Y,7.0,3016.0,84827.0,10.0
28947,868,8065,9,22.5, N,1.0,17,4,2,,,,, Whole Bea,23, N, N,0,,,,,,0.0,0.0,0.0,0.0,,,,2,1.0,568.5,31179.0,22.5, N,2.0,1137.0,62358.0,45.0
29086,1500,8065,49,3.0, N,1.0,17,4,2,,,,, Beverages,3, N, N,0,,,,,,0.0,0.0,0.0,0.0,,,,12,1.3333333333333333,1069.1666666666667,26976.75,3.0, Y,16.0,12830.0,323721.0,36.0
29110,1665,8065,50,2.5, N,1.0,17,4,2,,,,, Beverages,3, N, N,0,,,,,,0.0,0.0,0.0,0.0,,,,15,1.5333333333333334,877.8,20552.066666666666,2.5, N,23.0,13167.0,308281.0,37.5
29117,1690,8065,53,3.0, Y,1.0,17,4,2,,,,, Beverages,3, N, N,0,,,,,,0.0,0.0,0.0,0.0,,,,11,1.5454545454545454,929.9090909090909,28873.727272727272,3.0, Y,17.0,10229.0,317611.0,33.0
29202,2053,8065,72,3.25, N,1.0,17,4,2,,,,, Food,3, N, N,0,,,,,,0.0,0.0,0.0,0.0,,,,4,1.5,934.5,28035.0,2.95, N,6.0,3738.0,112140.0,11.8
29306,143,34,58,3.5, N,1.0,18,4,3,102, M,1967, Gen X, Beverages,4, N, N,8,1.125,868.375,29689.875,2.9625, N,9.0,6947.0,237519.0,23.7,10,10,1,3,1.0,335.0,35307.0,3.5, Y,3.0,1005.0,105921.0,10.5
29462,576,34,57,3.1, Y,1.0,18,4,3,102, M,1967, Gen X, Beverages,3, N, N,8,1.125,868.375,29689.875,2.9625, N,9.0,6947.0,237519.0,23.7,10,10,1,10,1.4,803.6,23064.9,3.1, Y,14.0,8036.0,230649.0,31.0
29492,670,34,23,2.5, Y,2.0,18,4,3,102, M,1967, Gen X, Beverages,3, N, N,8,1.125,868.375,29689.875,2.9625, N,9.0,6947.0,237519.0,23.7,10,10,1,8,1.5559278349999999,1142.625,21818.0,2.5, Y,12.447422679999999,9141.0,174544.0,20.0
29637,1129,34,61,4.75, N,1.0,18,4,3,102, M,1967, Gen X, Beverages,5, N, N,8,1.125,868.375,29689.875,2.9625, N,9.0,6947.0,237519.0,23.7,10,10,1,12,1.45395189,886.6666666666666,22386.0,4.75, N,17.44742268,10640.0,268632.0,57.0
29729,1419,34,76,3.5, Y,1.0,18,4,3,102, M,1967, Gen X, Food,4, N, N,8,1.125,868.375,29689.875,2.9625, N,9.0,6947.0,237519.0,23.7,10,10,1,5,1.0,1071.8,35925.0,3.5, Y,5.0,5359.0,179625.0,17.5
29812,1734,34,56,2.55, N,1.0,18,4,3,102, M,1967, Gen X, Beverages,3, N, N,8,1.125,868.375,29689.875,2.9625, N,9.0,6947.0,237519.0,23.7,10,10,1,14,1.5319587628571427,1319.142857142857,28148.5,2.55, Y,21.44742268,18468.0,394079.0,35.699999999999996
30022,564,34,65,0.8, N,1.0,18,4,3,102, M,1967, Gen X, Add-ons,1, N, N,8,1.125,868.375,29689.875,2.9625, N,9.0,6947.0,237519.0,23.7,10,10,1,5,1.2,357.2,30646.6,0.8, N,6.0,1786.0,153233.0,4.0
30059,712,34,26,3.0, N,1.0,18,4,3,102, M,1967, Gen X, Beverages,3, N, N,8,1.125,868.375,29689.875,2.9625, N,9.0,6947.0,237519.0,23.7,10,10,1,7,1.4285714285714286,1013.1428571428571,25968.285714285714,3.0, N,10.0,7092.0,181778.0,21.0
30120,918,5787,77,3.0, N,1.0,18,4,3,,,,, Food,3, N, N,0,,,,,,0.0,0.0,0.0,0.0,,,,12,1.0,881.75,26039.833333333332,3.0, N,12.0,10581.0,312478.0,36.0
30124,920,5787,61,4.75, N,1.0,18,4,3,,,,, Beverages,5, N, N,0,,,,,,0.0,0.0,0.0,0.0,,,,12,1.45395189,886.6666666666666,22386.0,4.75, N,17.44742268,10640.0,268632.0,57.0
30318,1593,5807,41,4.25, Y,1.0,18,4,3,,,,, Beverages,4, N, N,0,,,,,,0.0,0.0,0.0,0.0,,,,9,1.4327605955555556,1270.4444444444443,33786.333333333336,4.25, Y,12.89484536,11434.0,304077.0,38.25
30432,1991,5807,30,3.0, Y,2.0,18,4,3,,,,, Beverages,3, N, N,0,,,,,,0.0,0.0,0.0,0.0,,,,8,1.125,1249.75,26579.5,3.0, N,9.0,9998.0,212636.0,24.0
30519,133,8483,65,0.8, N,1.0,18,4,3,,,,, Add-ons,1, N, N,0,,,,,,0.0,0.0,0.0,0.0,,,,5,1.2,357.2,30646.6,0.8, N,6.0,1786.0,153233.0,4.0
30639,491,8483,75,3.5, N,1.0,18,4,3,,,,, Food,3, N, N,0,,,,,,0.0,0.0,0.0,0.0,,,,7,1.0639175257142857,1674.7142857142858,22974.14285714286,3.5, N,7.44742268,11723.0,160819.0,24.5
30755,856,8483,24,3.0, Y,1.0,18,4,3,,,,, Beverages,3, N, N,0,,,,,,0.0,0.0,0.0,0.0,,,,12,1.45395189,589.3333333333334,20804.25,3.0, Y,17.44742268,7072.0,249651.0,36.0
30770,906,8483,34,2.45, N,1.0,18,4,3,,,,, Beverages,2, N, N,0,,,,,,0.0,0.0,0.0,0.0,,,,13,1.3846153846153846,984.2307692307693,25668.076923076922,2.45, Y,18.0,12795.0,333685.0,31.85
31264,475,8483,71,3.75, N,1.0,19,4,4,,,,, Food,4, N, N,0,,,,,,0.0,0.0,0.0,0.0,,,,10,1.0,454.3,20002.1,3.75, N,10.0,4543.0,200021.0,37.5
31301,564,8483,56,2.55, Y,1.0,19,4,4,,,,, Beverages,3, N, N,0,,,,,,0.0,0.0,0.0,0.0,,,,14,1.5319587628571427,1319.142857142857,28148.5,2.55, Y,21.44742268,18468.0,394079.0,35.699999999999996
31312,603,8483,51,3.0, N,1.0,19,4,4,,,,, Beverages,3, N, N,0,,,,,,0.0,0.0,0.0,0.0,,,,6,1.8333333333333333,1021.0,18953.333333333332,3.0, N,11.0,6126.0,113720.0,18.0
31388,803,8483,45,3.0, Y,1.0,19,4,4,,,,, Beverages,3, N, N,0,,,,,,0.0,0.0,0.0,0.0,,,,10,1.8,996.2,22357.8,3.0, N,18.0,9962.0,223578.0,30.0
31768,1920,8483,75,3.5, Y,1.0,19,4,4,,,,, Food,3, N, N,0,,,,,,0.0,0.0,0.0,0.0,,,,7,1.0639175257142857,1674.7142857142858,22974.14285714286,3.5, N,7.44742268,11723.0,160819.0,24.5
32017,837,8483,84,0.8, N,1.0,19,4,4,,,,, Add-ons,1, N, N,0,,,,,,0.0,0.0,0.0,0.0,,,,10,1.7,483.0,23255.1,0.8, Y,17.0,4830.0,232551.0,8.0
32064,1006,5330,53,3.0, N,1.0,19,4,4,,,,, Beverages,3, N, N,0,,,,,,0.0,0.0,0.0,0.0,,,,11,1.5454545454545454,929.9090909090909,28873.727272727272,3.0, Y,17.0,10229.0,317611.0,33.0
32418,189,5330,54,2.5, N,1.0,19,4,4,,,,, Beverages,3, N, N,0,,,,,,0.0,0.0,0.0,0.0,,,,16,1.5,840.0,29432.0,2.5, Y,24.0,13440.0,470912.0,40.0
32460,298,5330,35,3.1, Y,1.0,19,4,4,,,,, Beverages,3, N, N,0,,,,,,0.0,0.0,0.0,0.0,,,,9,1.6666666666666667,950.7777777777778,31450.88888888889,3.1, Y,15.0,8557.0,283058.0,27.900000000000002
32476,338,5330,58,3.5, Y,1.0,19,4,4,,,,, Beverages,4, N, N,0,,,,,,0.0,0.0,0.0,0.0,,,,3,1.0,335.0,35307.0,3.5, Y,3.0,1005.0,105921.0,10.5
32511,410,5330,39,4.25, Y,2.0,19,4,4,,,,, Beverages,4, N, N,0,,,,,,0.0,0.0,0.0,0.0,,,,12,1.4166666666666667,1080.5833333333333,21021.833333333332,4.25, N,17.0,12967.0,252262.0,51.0
32554,513,5330,22,2.0, Y,1.0,19,4,4,,,,, Beverages,2, N, N,0,,,,,,0.0,0.0,0.0,0.0,,,,7,1.4285714285714286,810.8571428571429,27682.714285714286,2.0, Y,10.0,5676.0,193779.0,14.0
32588,584,8075,51,3.0, N,1.0,19,4,4,,,,, Beverages,3, N, N,0,,,,,,0.0,0.0,0.0,0.0,,,,6,1.8333333333333333,1021.0,18953.333333333332,3.0, N,11.0,6126.0,113720.0,18.0
32594,597,8075,79,3.75, Y,1.0,19,4,4,,,,, Food,4, N, N,0,,,,,,0.0,0.0,0.0,0.0,,,,7,1.0639175257142857,1137.142857142857,25999.14285714286,3.75, N,7.44742268,7960.0,181994.0,26.25
32629,709,8075,74,3.5, Y,1.0,19,4,4,,,,, Food,4, N, N,0,,,,,,0.0,0.0,0.0,0.0,,,,3,1.0,333.6666666666667,33904.0,3.5, Y,3.0,1001.0,101712.0,10.5
33078,54,8075,59,4.5, Y,1.0,20,4,5,,,,, Beverages,5, N, N,0,,,,,,0.0,0.0,0.0,0.0,,,,10,1.5,1117.7,19157.5,4.5, Y,15.0,11177.0,191575.0,45.0
33184,121,75,24,3.0, Y,1.0,20,4,5,5519, N,1991, Younger Millennials, Beverages,3, N, N,15,1.2666666666666666,357.2,33972.066666666666,7.6, Y,19.0,5358.0,509581.0,114.0,16,3,4,12,1.45395189,589.3333333333334,20804.25,3.0, Y,17.44742268,7072.0,249651.0,36.0
33356,235,75,52,2.5, Y,1.0,20,4,5,5519, N,1991, Younger Millennials, Beverages,3, N, N,15,1.2666666666666666,357.2,33972.066666666666,7.6, Y,19.0,5358.0,509581.0,114.0,16,3,4,6,1.3333333333333333,496.3333333333333,21376.666666666668,2.5, N,8.0,2978.0,128260.0,15.0
33411,269,75,9,22.5, Y,1.0,20,4,5,5519, N,1991, Younger Millennials, Whole Bea,23, N, N,15,1.2666666666666666,357.2,33972.066666666666,7.6, Y,19.0,5358.0,509581.0,114.0,16,3,4,2,1.0,568.5,31179.0,22.5, N,2.0,1137.0,62358.0,45.0
33416,273,75,55,4.0, Y,1.0,20,4,5,5519, N,1991, Younger Millennials, Beverages,4, N, N,15,1.2666666666666666,357.2,33972.066666666666,7.6, Y,19.0,5358.0,509581.0,114.0,16,3,4,15,1.8,770.5333333333333,28765.533333333333,4.0, N,27.0,11558.0,431483.0,60.0
33466,301,75,38,3.75, N,1.0,20,4,5,5519, N,1991, Younger Millennials, Beverages,4, N, N,15,1.2666666666666666,357.2,33972.066666666666,7.6, Y,19.0,5358.0,509581.0,114.0,16,3,4,8,1.5,1329.5,26835.25,3.75, N,12.0,10636.0,214682.0,30.0
33471,303,75,70,3.25, Y,1.0,20,4,5,5519, N,1991, Younger Millennials, Food,3, N, N,15,1.2666666666666666,357.2,33972.066666666666,7.6, Y,19.0,5358.0,509581.0,114.0,16,3,4,5,1.0,628.0,30648.0,3.25, Y,5.0,3140.0,153240.0,16.25
33885,307,75,76,3.5, Y,1.0,20,4,5,5519, N,1991, Younger Millennials, Food,4, N, N,15,1.2666666666666666,357.2,33972.066666666666,7.6, Y,19.0,5358.0,509581.0,114.0,16,3,4,5,1.0,1071.8,35925.0,3.5, Y,5.0,5359.0,179625.0,17.5
34208,705,75,7,19.75, Y,1.0,20,4,5,5519, N,1991, Younger Millennials, Whole Bea,20, N, N,15,1.2666666666666666,357.2,33972.066666666666,7.6, Y,19.0,5358.0,509581.0,114.0,16,3,4,1,1.0,705.0,34208.0,19.75, Y,1.0,705.0,34208.0,19.75
34287,125,75,22,2.0, Y,2.0,20,4,5,5519, N,1991, Younger Millennials, Beverages,2, N, N,15,1.2666666666666666,357.2,33972.066666666666,7.6, Y,19.0,5358.0,509581.0,114.0,16,3,4,7,1.4285714285714286,810.8571428571429,27682.714285714286,2.0, Y,10.0,5676.0,193779.0,14.0
34313,165,75,60,3.75, Y,2.0,20,4,5,5519, N,1991, Younger Millennials, Beverages,4, N, N,15,1.2666666666666666,357.2,33972.066666666666,7.6, Y,19.0,5358.0,509581.0,114.0,16,3,4,11,1.4043111527272727,580.8181818181819,26302.545454545456,3.75, N,15.44742268,6389.0,289328.0,41.25
34314,165,75,6,21.0, Y,1.0,20,4,5,5519, N,1991, Younger Millennials, Whole Bea,21, N, N,15,1.2666666666666666,357.2,33972.066666666666,7.6, Y,19.0,5358.0,509581.0,114.0,16,3,4,2,1.0,153.0,23852.0,21.0, N,2.0,306.0,47704.0,42.0
34436,371,75,71,3.75, Y,1.0,20,4,5,5519, N,1991, Younger Millennials, Food,4, N, N,15,1.2666666666666666,357.2,33972.066666666666,7.6, Y,19.0,5358.0,509581.0,114.0,16,3,4,10,1.0,454.3,20002.1,3.75, N,10.0,4543.0,200021.0,37.5
34447,396,75,3,14.75, N,1.0,20,4,5,5519, N,1991, Younger Millennials, Whole Bea,15, N, N,15,1.2666666666666666,357.2,33972.066666666666,7.6, Y,19.0,5358.0,509581.0,114.0,16,3,4,2,1.0,305.0,26566.5,14.75, N,2.0,610.0,53133.0,29.5
34617,678,75,52,2.5, N,2.0,20,4,5,5519, N,1991, Younger Millennials, Beverages,3, N, N,15,1.2666666666666666,357.2,33972.066666666666,7.6, Y,19.0,5358.0,509581.0,114.0,16,3,4,6,1.3333333333333333,496.3333333333333,21376.666666666668,2.5, N,8.0,2978.0,128260.0,15.0
34770,944,75,55,4.0, Y,2.0,20,4,5,5519, N,1991, Younger Millennials, Beverages,4, N, N,15,1.2666666666666666,357.2,33972.066666666666,7.6, Y,19.0,5358.0,509581.0,114.0,16,3,4,15,1.8,770.5333333333333,28765.533333333333,4.0, N,27.0,11558.0,431483.0,60.0
34807,19,396,44,2.5, N,1.0,21,4,6,,,,, Beverages,3, N, N,0,,,,,,0.0,0.0,0.0,0.0,,,,13,1.6498017446153845,1399.923076923077,30958.153846153848,2.5, N,21.44742268,18199.0,402456.0,32.5
34831,37,396,49,3.0, Y,1.0,21,4,6,,,,, Beverages,3, N, N,0,,,,,,0.0,0.0,0.0,0.0,,,,12,1.3333333333333333,1069.1666666666667,26976.75,3.0, Y,16.0,12830.0,323721.0,36.0
34881,74,406,44,2.5, Y,2.0,21,4,6,,,,, Beverages,3, N, N,0,,,,,,0.0,0.0,0.0,0.0,,,,13,1.6498017446153845,1399.923076923077,30958.153846153848,2.5, N,21.44742268,18199.0,402456.0,32.5
34953,127,406,42,2.5, Y,2.0,21,4,6,,,,, Beverages,3, N, N,0,,,,,,0.0,0.0,0.0,0.0,,,,10,2.0,924.3,26855.5,2.5, Y,20.0,9243.0,268555.0,25.0
34993,159,267,10,10.0, Y,1.0,21,4,6,,,,, Whole Bea,10, N, N,0,,,,,,0.0,0.0,0.0,0.0,,,,1,1.0,159.0,34993.0,10.0, Y,1.0,159.0,34993.0,10.0
35155,276,546,50,2.5, N,1.0,21,4,6,,,,, Beverages,3, N, N,0,,,,,,0.0,0.0,0.0,0.0,,,,15,1.5333333333333334,877.8,20552.066666666666,2.5, N,23.0,13167.0,308281.0,37.5
35278,22,546,57,3.1, N,2.0,21,4,6,,,,, Beverages,3, N, N,0,,,,,,0.0,0.0,0.0,0.0,,,,10,1.4,803.6,23064.9,3.1, Y,14.0,8036.0,230649.0,31.0
35462,280,5157,56,2.55, Y,3.0,21,4,6,,,,, Beverages,3, N, N,0,,,,,,0.0,0.0,0.0,0.0,,,,14,1.5319587628571427,1319.142857142857,28148.5,2.55, Y,21.44742268,18468.0,394079.0,35.699999999999996
35588,470,5157,77,3.0, N,1.0,21,4,6,,,,, Food,3, N, N,0,,,,,,0.0,0.0,0.0,0.0,,,,12,1.0,881.75,26039.833333333332,3.0, N,12.0,10581.0,312478.0,36.0
35634,533,5144,50,2.5, N,2.0,21,4,6,,,,, Beverages,3, N, N,0,,,,,,0.0,0.0,0.0,0.0,,,,15,1.5333333333333334,877.8,20552.066666666666,2.5, N,23.0,13167.0,308281.0,37.5
35886,163,5144,60,3.75, Y,1.0,21,4,6,,,,, Beverages,4, N, N,0,,,,,,0.0,0.0,0.0,0.0,,,,11,1.4043111527272727,580.8181818181819,26302.545454545456,3.75, N,15.44742268,6389.0,289328.0,41.25
35955,264,5144,25,2.2, N,2.0,21,4,6,,,,, Beverages,2, N, N,0,,,,,,0.0,0.0,0.0,0.0,,,,6,1.8333333333333333,539.1666666666666,30197.666666666668,2.2, N,11.0,3235.0,181186.0,13.200000000000001
36244,673,5144,41,4.25, Y,1.0,21,4,6,,,,, Beverages,4, N, N,0,,,,,,0.0,0.0,0.0,0.0,,,,9,1.4327605955555556,1270.4444444444443,33786.333333333336,4.25, Y,12.89484536,11434.0,304077.0,38.25
36465,951,5144,63,0.8, N,2.0,21,4,6,,,,, Add-ons,1, N, N,0,,,,,,0.0,0.0,0.0,0.0,,,,10,1.6,704.9,26429.5,0.8, Y,16.0,7049.0,264295.0,8.0
36499,142,5144,50,2.5, Y,2.0,22,4,0,,,,, Beverages,3, N, N,0,,,,,,0.0,0.0,0.0,0.0,,,,15,1.5333333333333334,877.8,20552.066666666666,2.5, N,23.0,13167.0,308281.0,37.5
36573,700,549,45,3.0, N,2.0,22,4,0,,,,, Beverages,3, N, N,0,,,,,,0.0,0.0,0.0,0.0,,,,10,1.8,996.2,22357.8,3.0, N,18.0,9962.0,223578.0,30.0
36715,1698,549,39,4.25, N,2.0,22,4,0,,,,, Beverages,4, N, N,0,,,,,,0.0,0.0,0.0,0.0,,,,12,1.4166666666666667,1080.5833333333333,21021.833333333332,4.25, N,17.0,12967.0,252262.0,51.0
36813,2378,549,44,2.5, N,1.44742268,22,4,0,,,,, Beverages,3, N, N,0,,,,,,0.0,0.0,0.0,0.0,,,,13,1.6498017446153845,1399.923076923077,30958.153846153848,2.5, N,21.44742268,18199.0,402456.0,32.5
37196,459,5123,42,2.5, Y,3.0,22,4,0,,,,, Beverages,3, N, N,0,,,,,,0.0,0.0,0.0,0.0,,,,10,2.0,924.3,26855.5,2.5, Y,20.0,9243.0,268555.0,25.0
37659,108,8092,36,3.75, Y,2.0,22,4,0,,,,, Beverages,4, N, N,0,,,,,,0.0,0.0,0.0,0.0,,,,12,1.25,1306.0,26884.5,3.75, Y,15.0,15672.0,322614.0,45.0
37676,194,8092,56,2.55, N,1.44742268,22,4,0,,,,, Beverages,3, N, N,0,,,,,,0.0,0.0,0.0,0.0,,,,14,1.5319587628571427,1319.142857142857,28148.5,2.55, Y,21.44742268,18468.0,394079.0,35.699999999999996
37812,912,8092,77,3.0, N,1.0,22,4,0,,,,, Food,3, N, N,0,,,,,,0.0,0.0,0.0,0.0,,,,12,1.0,881.75,26039.833333333332,3.0, N,12.0,10581.0,312478.0,36.0
37873,1218,8092,54,2.5, Y,1.0,22,4,0,,,,, Beverages,3, N, N,0,,,,,,0.0,0.0,0.0,0.0,,,,16,1.5,840.0,29432.0,2.5, Y,24.0,13440.0,470912.0,40.0
37904,1330,8092,60,3.75, N,1.0,22,4,0,,,,, Beverages,4, N, N,0,,,,,,0.0,0.0,0.0,0.0,,,,11,1.4043111527272727,580.8181818181819,26302.545454545456,3.75, N,15.44742268,6389.0,289328.0,41.25
37994,1721,8092,87,3.0, N,1.0,22,4,0,,,,, Beverages,3, N, N,0,,,,,,0.0,0.0,0.0,0.0,,,,4,1.25,949.25,43901.25,2.325, N,5.0,3797.0,175605.0,9.3
38149,68,77,45,3.0, Y,1.0,23,4,1,8415, M,1997, Gen Z, Beverages,3, N, N,2,1.0,1738.5,38379.5,2.75, N,2.0,3477.0,76759.0,5.5,6,2,2,10,1.8,996.2,22357.8,3.0, N,18.0,9962.0,223578.0,30.0
38610,3409,77,54,2.5, N,1.0,23,4,1,8415, M,1997, Gen Z, Beverages,3, N, N,2,1.0,1738.5,38379.5,2.75, N,2.0,3477.0,76759.0,5.5,6,2,2,16,1.5,840.0,29432.0,2.5, Y,24.0,13440.0,470912.0,40.0
38717,4124,434,29,2.5, Y,1.0,23,4,1,,,,, Beverages,3, N, N,0,,,,,,0.0,0.0,0.0,0.0,,,,13,1.4615384615384615,1016.8461538461538,24873.923076923078,2.5, N,19.0,13219.0,323361.0,32.5
38732,14,5233,64,0.8, N,1.0,23,4,1,,,,, Add-ons,1, N, N,0,,,,,,0.0,0.0,0.0,0.0,,,,2,1.5,185.0,25592.5,0.8, N,3.0,370.0,51185.0,1.6
38907,683,5233,72,2.65, N,3.0,23,4,1,,,,, Food,3, N, N,0,,,,,,0.0,0.0,0.0,0.0,,,,4,1.5,934.5,28035.0,2.95, N,6.0,3738.0,112140.0,11.8
38930,772,5233,26,3.0, N,1.0,23,4,1,,,,, Beverages,3, N, N,0,,,,,,0.0,0.0,0.0,0.0,,,,7,1.4285714285714286,1013.1428571428571,25968.285714285714,3.0, N,10.0,7092.0,181778.0,21.0
38966,922,5393,45,3.0, N,3.0,23,4,1,,,,, Beverages,3, N, N,0,,,,,,0.0,0.0,0.0,0.0,,,,10,1.8,996.2,22357.8,3.0, N,18.0,9962.0,223578.0,30.0
38993,1047,5393,35,3.1, Y,3.0,23,4,1,,,,, Beverages,3, N, N,0,,,,,,0.0,0.0,0.0,0.0,,,,9,1.6666666666666667,950.7777777777778,31450.88888888889,3.1, Y,15.0,8557.0,283058.0,27.900000000000002
39017,1109,5393,25,2.2, Y,3.0,23,4,1,,,,, Beverages,2, N, N,0,,,,,,0.0,0.0,0.0,0.0,,,,6,1.8333333333333333,539.1666666666666,30197.666666666668,2.2, N,11.0,3235.0,181186.0,13.200000000000001
39110,1484,5393,39,4.25, Y,1.0,23,4,1,,,,, Beverages,4, N, N,0,,,,,,0.0,0.0,0.0,0.0,,,,12,1.4166666666666667,1080.5833333333333,21021.833333333332,4.25, N,17.0,12967.0,252262.0,51.0
39128,1543,5393,34,2.45, N,2.0,23,4,1,,,,, Beverages,2, N, N,0,,,,,,0.0,0.0,0.0,0.0,,,,13,1.3846153846153846,984.2307692307693,25668.076923076922,2.45, Y,18.0,12795.0,333685.0,31.85
39135,1561,5393,63,0.8, N,1.0,23,4,1,,,,, Add-ons,1, N, N,0,,,,,,0.0,0.0,0.0,0.0,,,,10,1.6,704.9,26429.5,0.8, Y,16.0,7049.0,264295.0,8.0
39141,1596,5203,51,3.0, N,3.0,23,4,1,,,,, Beverages,3, N, N,0,,,,,,0.0,0.0,0.0,0.0,,,,6,1.8333333333333333,1021.0,18953.333333333332,3.0, N,11.0,6126.0,113720.0,18.0
39152,1660,5646,44,2.5, N,3.0,23,4,1,,,,, Beverages,3, N, N,0,,,,,,0.0,0.0,0.0,0.0,,,,13,1.6498017446153845,1399.923076923077,30958.153846153848,2.5, N,21.44742268,18199.0,402456.0,32.5
39155,1670,5171,63,0.8, Y,1.0,23,4,1,,,,, Add-ons,1, N, N,0,,,,,,0.0,0.0,0.0,0.0,,,,10,1.6,704.9,26429.5,0.8, Y,16.0,7049.0,264295.0,8.0
39247,2050,5503,53,3.0, N,1.0,23,4,1,,,,, Beverages,3, N, N,0,,,,,,0.0,0.0,0.0,0.0,,,,11,1.5454545454545454,929.9090909090909,28873.727272727272,3.0, Y,17.0,10229.0,317611.0,33.0
39290,217,8015,34,2.45, Y,1.0,23,4,1,,,,, Beverages,2, N, N,0,,,,,,0.0,0.0,0.0,0.0,,,,13,1.3846153846153846,984.2307692307693,25668.076923076922,2.45, Y,18.0,12795.0,333685.0,31.85
39364,489,8015,14,8.95, Y,1.0,23,4,1,,,,, Whole Bea,9, N, N,0,,,,,,0.0,0.0,0.0,0.0,,,,1,1.0,489.0,39364.0,8.95, Y,1.0,489.0,39364.0,8.95
39411,662,8230,28,2.0, N,2.0,23,4,1,,,,, Beverages,2, N, N,0,,,,,,0.0,0.0,0.0,0.0,,,,11,1.6363636363636365,543.9090909090909,23011.81818181818,2.0, Y,18.0,5983.0,253130.0,22.0
39424,720,8230,60,3.75, Y,1.44742268,23,4,1,,,,, Beverages,4, N, N,0,,,,,,0.0,0.0,0.0,0.0,,,,11,1.4043111527272727,580.8181818181819,26302.545454545456,3.75, N,15.44742268,6389.0,289328.0,41.25
39689,1853,8226,33,3.5, Y,2.0,23,4,1,,,,, Beverages,4, N, N,0,,,,,,0.0,0.0,0.0,0.0,,,,10,2.0,1388.9,20841.0,3.5, Y,20.0,13889.0,208410.0,35.0
39889,409,8226,54,2.5, N,2.0,24,4,2,,,,, Beverages,3, N, N,0,,,,,,0.0,0.0,0.0,0.0,,,,16,1.5,840.0,29432.0,2.5, Y,24.0,13440.0,470912.0,40.0
39893,433,8226,42,2.5, Y,2.0,24,4,2,,,,, Beverages,3, N, N,0,,,,,,0.0,0.0,0.0,0.0,,,,10,2.0,924.3,26855.5,2.5, Y,20.0,9243.0,268555.0,25.0
39924,584,8226,56,2.55, Y,2.0,24,4,2,,,,, Beverages,3, N, N,0,,,,,,0.0,0.0,0.0,0.0,,,,14,1.5319587628571427,1319.142857142857,28148.5,2.55, Y,21.44742268,18468.0,394079.0,35.699999999999996
40332,3126,8226,59,4.5, Y,2.0,24,4,2,,,,, Beverages,5, N, N,0,,,,,,0.0,0.0,0.0,0.0,,,,10,1.5,1117.7,19157.5,4.5, Y,15.0,11177.0,191575.0,45.0
40410,3595,76,38,3.75, N,1.0,24,4,2,5699, F,1972, Gen X, Beverages,4, N, N,3,1.3333333333333333,3663.6666666666665,40419.333333333336,3.4166666666666665, N,4.0,10991.0,121258.0,10.25,28,12,3,8,1.5,1329.5,26835.25,3.75, N,12.0,10636.0,214682.0,30.0
40415,3603,76,75,3.5, N,1.0,24,4,2,5699, F,1972, Gen X, Food,3, N, N,3,1.3333333333333333,3663.6666666666665,40419.333333333336,3.4166666666666665, N,4.0,10991.0,121258.0,10.25,28,12,3,7,1.0639175257142857,1674.7142857142858,22974.14285714286,3.5, N,7.44742268,11723.0,160819.0,24.5
40433,3793,76,49,3.0, N,2.0,24,4,2,5699, F,1972, Gen X, Beverages,3, N, N,3,1.3333333333333333,3663.6666666666665,40419.333333333336,3.4166666666666665, N,4.0,10991.0,121258.0,10.25,28,12,3,12,1.3333333333333333,1069.1666666666667,26976.75,3.0, Y,16.0,12830.0,323721.0,36.0
40556,188,5881,78,4.5, N,1.0,24,4,2,,,,, Food,5, N, N,0,,,,,,0.0,0.0,0.0,0.0,,,,4,1.0,88.75,37583.0,4.5, N,4.0,355.0,150332.0,18.0
40618,428,5713,65,0.8, N,2.0,24,4,2,,,,, Add-ons,1, N, N,0,,,,,,0.0,0.0,0.0,0.0,,,,5,1.2,357.2,30646.6,0.8, N,6.0,1786.0,153233.0,4.0
40692,712,5704,77,3.0, N,1.0,24,4,2,,,,, Food,3, N, N,0,,,,,,0.0,0.0,0.0,0.0,,,,12,1.0,881.75,26039.833333333332,3.0, N,12.0,10581.0,312478.0,36.0
40795,1102,5596,34,2.45, Y,3.0,24,4,2,,,,, Beverages,2, N, N,0,,,,,,0.0,0.0,0.0,0.0,,,,13,1.3846153846153846,984.2307692307693,25668.076923076922,2.45, Y,18.0,12795.0,333685.0,31.85
40949,1599,5596,79,3.75, N,1.0,24,4,2,,,,, Food,4, N, N,0,,,,,,0.0,0.0,0.0,0.0,,,,7,1.0639175257142857,1137.142857142857,25999.14285714286,3.75, N,7.44742268,7960.0,181994.0,26.25
41033,1834,5100,63,0.8, N,1.0,24,4,2,,,,, Add-ons,1, N, N,0,,,,,,0.0,0.0,0.0,0.0,,,,10,1.6,704.9,26429.5,0.8, Y,16.0,7049.0,264295.0,8.0
41072,1967,5100,79,3.75, Y,1.0,24,4,2,,,,, Food,4, N, N,0,,,,,,0.0,0.0,0.0,0.0,,,,7,1.0639175257142857,1137.142857142857,25999.14285714286,3.75, N,7.44742268,7960.0,181994.0,26.25
41192,440,5100,72,2.65, Y,1.0,24,4,2,,,,, Food,3, N, N,0,,,,,,0.0,0.0,0.0,0.0,,,,4,1.5,934.5,28035.0,2.95, N,6.0,3738.0,112140.0,11.8
41236,627,5100,71,3.75, Y,1.0,24,4,2,,,,, Food,4, N, N,0,,,,,,0.0,0.0,0.0,0.0,,,,10,1.0,454.3,20002.1,3.75, N,10.0,4543.0,200021.0,37.5
41248,678,5100,41,4.25, Y,1.0,24,4,2,,,,, Beverages,4, N, N,0,,,,,,0.0,0.0,0.0,0.0,,,,9,1.4327605955555556,1270.4444444444443,33786.333333333336,4.25, Y,12.89484536,11434.0,304077.0,38.25
41264,741,5100,73,3.75, N,1.0,24,4,2,,,,, Food,4, N, N,0,,,,,,0.0,0.0,0.0,0.0,,,,6,1.0,1271.3333333333333,17550.333333333332,3.75, N,6.0,7628.0,105302.0,22.5
41520,1974,8075,70,3.25, N,1.0,24,4,2,,,,, Food,3, N, N,0,,,,,,0.0,0.0,0.0,0.0,,,,5,1.0,628.0,30648.0,3.25, Y,5.0,3140.0,153240.0,16.25
41603,2301,8307,42,2.5, Y,2.0,24,4,2,,,,, Beverages,3, N, N,0,,,,,,0.0,0.0,0.0,0.0,,,,10,2.0,924.3,26855.5,2.5, Y,20.0,9243.0,268555.0,25.0
41614,2337,8190,31,2.2, N,2.0,24,4,2,,,,, Beverages,2, N, N,0,,,,,,0.0,0.0,0.0,0.0,,,,9,1.8274914088888887,1567.3333333333333,25769.0,2.2, N,16.44742268,14106.0,231921.0,19.8
41911,1970,608,57,3.1, Y,2.0,25,4,3,,,,, Beverages,3, N, N,0,,,,,,0.0,0.0,0.0,0.0,,,,10,1.4,803.6,23064.9,3.1, Y,14.0,8036.0,230649.0,31.0
42138,3740,608,36,3.75, N,1.0,25,4,3,,,,, Beverages,4, N, N,0,,,,,,0.0,0.0,0.0,0.0,,,,12,1.25,1306.0,26884.5,3.75, Y,15.0,15672.0,322614.0,45.0
42236,91,608,38,3.75, Y,1.0,25,4,3,,,,, Beverages,4, N, N,0,,,,,,0.0,0.0,0.0,0.0,,,,8,1.5,1329.5,26835.25,3.75, N,12.0,10636.0,214682.0,30.0
42340,479,5921,54,2.5, Y,2.0,25,4,3,,,,, Beverages,3, N, N,0,,,,,,0.0,0.0,0.0,0.0,,,,16,1.5,840.0,29432.0,2.5, Y,24.0,13440.0,470912.0,40.0
42363,545,5179,55,4.0, N,3.0,25,4,3,,,,, Beverages,4, N, N,0,,,,,,0.0,0.0,0.0,0.0,,,,15,1.8,770.5333333333333,28765.533333333333,4.0, N,27.0,11558.0,431483.0,60.0
42438,788,5179,55,4.0, N,3.0,25,4,3,,,,, Beverages,4, N, N,0,,,,,,0.0,0.0,0.0,0.0,,,,15,1.8,770.5333333333333,28765.533333333333,4.0, N,27.0,11558.0,431483.0,60.0
42571,1241,5179,54,2.5, N,3.0,25,4,3,,,,, Beverages,3, N, N,0,,,,,,0.0,0.0,0.0,0.0,,,,16,1.5,840.0,29432.0,2.5, Y,24.0,13440.0,470912.0,40.0
42575,1248,5179,2,18.0, N,1.44742268,25,4,3,,,,, Whole Bea,18, N, N,0,,,,,,0.0,0.0,0.0,0.0,,,,2,1.22371134,912.5,35420.0,18.0, N,2.44742268,1825.0,70840.0,36.0
42579,1260,5179,48,2.5, Y,1.0,25,4,3,,,,, Beverages,3, N, N,0,,,,,,0.0,0.0,0.0,0.0,,,,8,1.5559278349999999,1024.5,25114.125,2.5, N,12.447422679999999,8196.0,200913.0,20.0
42773,1959,5179,45,3.0, Y,2.0,25,4,3,,,,, Beverages,3, N, N,0,,,,,,0.0,0.0,0.0,0.0,,,,10,1.8,996.2,22357.8,3.0, N,18.0,9962.0,223578.0,30.0
42806,39,5179,78,4.5, N,1.0,25,4,3,,,,, Food,5, N, N,0,,,,,,0.0,0.0,0.0,0.0,,,,4,1.0,88.75,37583.0,4.5, N,4.0,355.0,150332.0,18.0
42816,78,8407,43,3.0, Y,2.0,25,4,3,,,,, Beverages,3, N, N,0,,,,,,0.0,0.0,0.0,0.0,,,,6,1.5745704466666668,746.0,36618.0,3.0, N,9.44742268,4476.0,219708.0,18.0
43110,1402,8407,12,8.95, N,1.0,25,4,3,,,,, Whole Bea,9, N, N,0,,,,,,0.0,0.0,0.0,0.0,,,,2,1.0,890.5,30987.5,8.95, N,2.0,1781.0,61975.0,17.9
43122,1432,8407,43,3.0, Y,1.0,25,4,3,,,,, Beverages,3, N, N,0,,,,,,0.0,0.0,0.0,0.0,,,,6,1.5745704466666668,746.0,36618.0,3.0, N,9.44742268,4476.0,219708.0,18.0
43161,1630,8376,35,3.1, Y,1.0,25,4,3,,,,, Beverages,3, N, N,0,,,,,,0.0,0.0,0.0,0.0,,,,9,1.6666666666666667,950.7777777777778,31450.88888888889,3.1, Y,15.0,8557.0,283058.0,27.900000000000002
43176,1700,8086,54,2.5, Y,1.0,25,4,3,,,,, Beverages,3, N, N,0,,,,,,0.0,0.0,0.0,0.0,,,,16,1.5,840.0,29432.0,2.5, Y,24.0,13440.0,470912.0,40.0
43232,1941,8086,87,2.1, Y,2.0,25,4,3,,,,, Beverages,3, N, N,0,,,,,,0.0,0.0,0.0,0.0,,,,4,1.25,949.25,43901.25,2.325, N,5.0,3797.0,175605.0,9.3
43244,1992,8076,69,3.25, Y,1.0,25,4,3,,,,, Food,4, N, N,0,,,,,,0.0,0.0,0.0,0.0,,,,6,1.0,977.8333333333334,15846.666666666666,3.385, N,6.0,5867.0,95080.0,20.31
43288,2219,8076,48,2.5, N,2.0,25,4,3,,,,, Beverages,3, N, N,0,,,,,,0.0,0.0,0.0,0.0,,,,8,1.5559278349999999,1024.5,25114.125,2.5, N,12.447422679999999,8196.0,200913.0,20.0
43574,1687,8076,30,3.0, N,1.0,26,4,4,,,,, Beverages,3, N, N,0,,,,,,0.0,0.0,0.0,0.0,,,,8,1.125,1249.75,26579.5,3.0, N,9.0,9998.0,212636.0,24.0
43684,2295,8076,48,2.5, N,2.0,26,4,4,,,,, Beverages,3, N, N,0,,,,,,0.0,0.0,0.0,0.0,,,,8,1.5559278349999999,1024.5,25114.125,2.5, N,12.447422679999999,8196.0,200913.0,20.0
43815,3117,23,44,2.5, Y,2.0,26,4,4,8248, N,1993, Younger Millennials, Beverages,3, N, N,3,1.6666666666666667,3179.0,43822.666666666664,2.566666666666667, N,5.0,9537.0,131468.0,7.7,23,11,3,13,1.6498017446153845,1399.923076923077,30958.153846153848,2.5, N,21.44742268,18199.0,402456.0,32.5
43818,3140,23,31,2.2, N,2.0,26,4,4,8248, N,1993, Younger Millennials, Beverages,2, N, N,3,1.6666666666666667,3179.0,43822.666666666664,2.566666666666667, N,5.0,9537.0,131468.0,7.7,23,11,3,9,1.8274914088888887,1567.3333333333333,25769.0,2.2, N,16.44742268,14106.0,231921.0,19.8
43835,3280,23,32,3.0, N,1.0,26,4,4,8248, N,1993, Younger Millennials, Beverages,3, N, N,3,1.6666666666666667,3179.0,43822.666666666664,2.566666666666667, N,5.0,9537.0,131468.0,7.7,23,11,3,6,1.3333333333333333,1066.6666666666667,25681.666666666668,3.0, N,8.0,6400.0,154090.0,18.0
43875,3497,254,26,3.0, Y,1.0,26,4,4,,,,, Beverages,3, N, N,0,,,,,,0.0,0.0,0.0,0.0,,,,7,1.4285714285714286,1013.1428571428571,25968.285714285714,3.0, N,10.0,7092.0,181778.0,21.0
43879,3565,694,56,2.55, Y,2.0,26,4,4,,,,, Beverages,3, N, N,0,,,,,,0.0,0.0,0.0,0.0,,,,14,1.5319587628571427,1319.142857142857,28148.5,2.55, Y,21.44742268,18468.0,394079.0,35.699999999999996
43965,3997,211,56,2.55, Y,2.0,26,4,4,5045, M,2001, Gen Z, Beverages,3, N, N,2,2.0,4061.0,43972.5,3.025, N,4.0,8122.0,87945.0,6.05,9,4,1,14,1.5319587628571427,1319.142857142857,28148.5,2.55, Y,21.44742268,18468.0,394079.0,35.699999999999996
43980,4125,211,27,3.5, N,2.0,26,4,4,5045, M,2001, Gen Z, Beverages,4, N, N,2,2.0,4061.0,43972.5,3.025, N,4.0,8122.0,87945.0,6.05,9,4,1,9,1.7777777777777777,905.0,20958.555555555555,3.5, N,16.0,8145.0,188627.0,31.5
44056,236,5009,27,3.5, N,2.0,26,4,4,,,,, Beverages,4, N, N,0,,,,,,0.0,0.0,0.0,0.0,,,,9,1.7777777777777777,905.0,20958.555555555555,3.5, N,16.0,8145.0,188627.0,31.5
44139,524,5009,58,3.5, Y,1.0,26,4,4,,,,, Beverages,4, N, N,0,,,,,,0.0,0.0,0.0,0.0,,,,3,1.0,335.0,35307.0,3.5, Y,3.0,1005.0,105921.0,10.5
44265,1001,5009,60,3.75, N,1.0,26,4,4,,,,, Beverages,4, N, N,0,,,,,,0.0,0.0,0.0,0.0,,,,11,1.4043111527272727,580.8181818181819,26302.545454545456,3.75, N,15.44742268,6389.0,289328.0,41.25
44362,1428,5009,55,4.0, Y,1.0,26,4,4,,,,, Beverages,4, N, N,0,,,,,,0.0,0.0,0.0,0.0,,,,15,1.8,770.5333333333333,28765.533333333333,4.0, N,27.0,11558.0,431483.0,60.0
44452,1827,5447,76,3.5, Y,1.0,26,4,4,,,,, Food,4, N, N,0,,,,,,0.0,0.0,0.0,0.0,,,,5,1.0,1071.8,35925.0,3.5, Y,5.0,5359.0,179625.0,17.5
44461,1857,5447,44,2.5, N,2.0,26,4,4,,,,, Beverages,3, N, N,0,,,,,,0.0,0.0,0.0,0.0,,,,13,1.6498017446153845,1399.923076923077,30958.153846153848,2.5, N,21.44742268,18199.0,402456.0,32.5
44627,587,8384,61,4.75, N,1.44742268,26,4,4,,,,, Beverages,5, N, N,0,,,,,,0.0,0.0,0.0,0.0,,,,12,1.45395189,886.6666666666666,22386.0,4.75, N,17.44742268,10640.0,268632.0,57.0
44699,942,8384,15,9.25, N,1.0,26,4,4,,,,, Whole Bea,9, N, N,0,,,,,,0.0,0.0,0.0,0.0,,,,1,1.0,942.0,44699.0,9.25, N,1.0,942.0,44699.0,9.25
44701,944,8384,35,3.1, Y,1.0,26,4,4,,,,, Beverages,3, N, N,0,,,,,,0.0,0.0,0.0,0.0,,,,9,1.6666666666666667,950.7777777777778,31450.88888888889,3.1, Y,15.0,8557.0,283058.0,27.900000000000002
44733,1063,8384,34,2.45, Y,1.0,26,4,4,,,,, Beverages,2, N, N,0,,,,,,0.0,0.0,0.0,0.0,,,,13,1.3846153846153846,984.2307692307693,25668.076923076922,2.45, Y,18.0,12795.0,333685.0,31.85
44736,1070,8311,20,7.6, N,1.0,26,4,4,,,,, Whole Bea,8, N, N,0,,,,,,0.0,0.0,0.0,0.0,,,,1,1.0,1070.0,44736.0,7.6, N,1.0,1070.0,44736.0,7.6
44803,1362,8311,31,2.2, N,2.0,26,4,4,,,,, Beverages,2, N, N,0,,,,,,0.0,0.0,0.0,0.0,,,,9,1.8274914088888887,1567.3333333333333,25769.0,2.2, N,16.44742268,14106.0,231921.0,19.8
44843,1537,8311,41,4.25, Y,1.44742268,26,4,4,,,,, Beverages,4, N, N,0,,,,,,0.0,0.0,0.0,0.0,,,,9,1.4327605955555556,1270.4444444444443,33786.333333333336,4.25, Y,12.89484536,11434.0,304077.0,38.25
44844,1537,8311,84,0.8, Y,2.0,26,4,4,,,,, Add-ons,1, N, N,0,,,,,,0.0,0.0,0.0,0.0,,,,10,1.7,483.0,23255.1,0.8, Y,17.0,4830.0,232551.0,8.0
44973,2081,8311,30,3.0, Y,1.0,26,4,4,,,,, Beverages,3, N, N,0,,,,,,0.0,0.0,0.0,0.0,,,,8,1.125,1249.75,26579.5,3.0, N,9.0,9998.0,212636.0,24.0
44995,2252,8311,33,3.5, Y,2.0,26,4,4,,,,, Beverages,4, N, N,0,,,,,,0.0,0.0,0.0,0.0,,,,10,2.0,1388.9,20841.0,3.5, Y,20.0,13889.0,208410.0,35.0
45081,293,8311,49,3.0, Y,2.0,27,4,5,,,,, Beverages,3, N, N,0,,,,,,0.0,0.0,0.0,0.0,,,,12,1.3333333333333333,1069.1666666666667,26976.75,3.0, Y,16.0,12830.0,323721.0,36.0
45250,1489,330,76,3.5, N,1.0,27,4,5,,,,, Food,4, N, N,0,,,,,,0.0,0.0,0.0,0.0,,,,5,1.0,1071.8,35925.0,3.5, Y,5.0,5359.0,179625.0,17.5
45408,2503,330,39,4.25, Y,1.0,27,4,5,,,,, Beverages,4, N, N,0,,,,,,0.0,0.0,0.0,0.0,,,,12,1.4166666666666667,1080.5833333333333,21021.833333333332,4.25, N,17.0,12967.0,252262.0,51.0
45450,2858,330,36,3.75, Y,2.0,27,4,5,,,,, Beverages,4, N, N,0,,,,,,0.0,0.0,0.0,0.0,,,,12,1.25,1306.0,26884.5,3.75, Y,15.0,15672.0,322614.0,45.0
45511,3255,330,41,4.25, Y,2.0,27,4,5,,,,, Beverages,4, N, N,0,,,,,,0.0,0.0,0.0,0.0,,,,9,1.4327605955555556,1270.4444444444443,33786.333333333336,4.25, Y,12.89484536,11434.0,304077.0,38.25
45536,3425,330,23,2.5, Y,2.0,27,4,5,,,,, Beverages,3, N, N,0,,,,,,0.0,0.0,0.0,0.0,,,,8,1.5559278349999999,1142.625,21818.0,2.5, Y,12.447422679999999,9141.0,174544.0,20.0
45586,3699,330,36,3.75, Y,1.0,27,4,5,,,,, Beverages,4, N, N,0,,,,,,0.0,0.0,0.0,0.0,,,,12,1.25,1306.0,26884.5,3.75, Y,15.0,15672.0,322614.0,45.0
45665,18,5571,36,3.75, Y,1.0,27,4,5,,,,, Beverages,4, N, N,0,,,,,,0.0,0.0,0.0,0.0,,,,12,1.25,1306.0,26884.5,3.75, Y,15.0,15672.0,322614.0,45.0
45705,50,5571,25,2.2, N,1.0,27,4,5,,,,, Beverages,2, N, N,0,,,,,,0.0,0.0,0.0,0.0,,,,6,1.8333333333333333,539.1666666666666,30197.666666666668,2.2, N,11.0,3235.0,181186.0,13.200000000000001
45801,125,5045,53,3.0, N,2.0,27,4,5,,,,, Beverages,3, N, N,0,,,,,,0.0,0.0,0.0,0.0,,,,11,1.5454545454545454,929.9090909090909,28873.727272727272,3.0, Y,17.0,10229.0,317611.0,33.0
45820,138,5045,28,2.0, N,3.0,27,4,5,,,,, Beverages,2, N, N,0,,,,,,0.0,0.0,0.0,0.0,,,,11,1.6363636363636365,543.9090909090909,23011.81818181818,2.0, Y,18.0,5983.0,253130.0,22.0
45835,150,5045,40,3.75, Y,2.0,27,4,5,,,,, Beverages,4, N, N,0,,,,,,0.0,0.0,0.0,0.0,,,,7,1.7142857142857142,484.57142857142856,21998.571428571428,3.75, Y,12.0,3392.0,153990.0,26.25
46143,376,5045,46,2.5, Y,3.0,27,4,5,,,,, Beverages,3, N, N,0,,,,,,0.0,0.0,0.0,0.0,,,,4,1.75,754.0,21206.75,2.5, Y,7.0,3016.0,84827.0,10.0
46149,380,5861,44,2.5, Y,1.0,27,4,5,,,,, Beverages,3, N, N,0,,,,,,0.0,0.0,0.0,0.0,,,,13,1.6498017446153845,1399.923076923077,30958.153846153848,2.5, N,21.44742268,18199.0,402456.0,32.5
46182,400,5861,29,2.5, N,3.0,27,4,5,,,,, Beverages,3, N, N,0,,,,,,0.0,0.0,0.0,0.0,,,,13,1.4615384615384615,1016.8461538461538,24873.923076923078,2.5, N,19.0,13219.0,323361.0,32.5
46186,403,5861,70,3.25, N,1.0,27,4,5,,,,, Food,3, N, N,0,,,,,,0.0,0.0,0.0,0.0,,,,5,1.0,628.0,30648.0,3.25, Y,5.0,3140.0,153240.0,16.25
46428,130,5861,87,2.1, N,1.0,27,4,5,,,,, Beverages,3, N, N,0,,,,,,0.0,0.0,0.0,0.0,,,,4,1.25,949.25,43901.25,2.325, N,5.0,3797.0,175605.0,9.3
46606,280,5861,74,3.5, N,1.0,27,4,5,,,,, Food,4, N, N,0,,,,,,0.0,0.0,0.0,0.0,,,,3,1.0,333.6666666666667,33904.0,3.5, Y,3.0,1001.0,101712.0,10.5
46704,358,5861,29,2.5, Y,2.0,27,4,5,,,,, Beverages,3, N, N,0,,,,,,0.0,0.0,0.0,0.0,,,,13,1.4615384615384615,1016.8461538461538,24873.923076923078,2.5, N,19.0,13219.0,323361.0,32.5
46940,356,664,27,3.5, N,1.0,28,4,6,,,,, Beverages,4, N, N,0,,,,,,0.0,0.0,0.0,0.0,,,,9,1.7777777777777777,905.0,20958.555555555555,3.5, N,16.0,8145.0,188627.0,31.5
46956,470,664,77,3.0, N,1.0,28,4,6,,,,, Food,3, N, N,0,,,,,,0.0,0.0,0.0,0.0,,,,12,1.0,881.75,26039.833333333332,3.0, N,12.0,10581.0,312478.0,36.0
47056,1297,664,24,3.0, N,2.0,28,4,6,,,,, Beverages,3, N, N,0,,,,,,0.0,0.0,0.0,0.0,,,,12,1.45395189,589.3333333333334,20804.25,3.0, Y,17.44742268,7072.0,249651.0,36.0
47133,1858,664,54,2.5, Y,1.0,28,4,6,,,,, Beverages,3, N, N,0,,,,,,0.0,0.0,0.0,0.0,,,,16,1.5,840.0,29432.0,2.5, Y,24.0,13440.0,470912.0,40.0
47144,1938,664,50,2.5, Y,1.0,28,4,6,,,,, Beverages,3, N, N,0,,,,,,0.0,0.0,0.0,0.0,,,,15,1.5333333333333334,877.8,20552.066666666666,2.5, N,23.0,13167.0,308281.0,37.5
47176,2165,664,56,2.55, N,2.0,28,4,6,,,,, Beverages,3, N, N,0,,,,,,0.0,0.0,0.0,0.0,,,,14,1.5319587628571427,1319.142857142857,28148.5,2.55, Y,21.44742268,18468.0,394079.0,35.699999999999996
47329,3164,664,22,2.0, Y,2.0,28,4,6,,,,, Beverages,2, N, N,0,,,,,,0.0,0.0,0.0,0.0,,,,7,1.4285714285714286,810.8571428571429,27682.714285714286,2.0, Y,10.0,5676.0,193779.0,14.0
47392,3640,97,77,3.0, N,1.0,28,4,6,5017, N,1999, Gen Z, Food,3, N, N,1,1.0,3640.0,47392.0,3.0, N,1.0,3640.0,47392.0,3.0,25,1,4,12,1.0,881.75,26039.833333333332,3.0, N,12.0,10581.0,312478.0,36.0
47553,128,5461,54,2.5, N,2.0,28,4,6,,,,, Beverages,3, N, N,0,,,,,,0.0,0.0,0.0,0.0,,,,16,1.5,840.0,29432.0,2.5, Y,24.0,13440.0,470912.0,40.0
47559,138,5110,37,3.0, N,1.0,28,4,6,,,,, Beverages,3, N, N,0,,,,,,0.0,0.0,0.0,0.0,,,,6,1.1666666666666667,323.6666666666667,17569.5,3.0, N,7.0,1942.0,105417.0,18.0
47661,301,5381,31,2.2, N,1.44742268,28,4,6,,,,, Beverages,2, N, N,0,,,,,,0.0,0.0,0.0,0.0,,,,9,1.8274914088888887,1567.3333333333333,25769.0,2.2, N,16.44742268,14106.0,231921.0,19.8
47694,369,5263,61,4.75, N,2.0,28,4,6,,,,, Beverages,5, N, N,0,,,,,,0.0,0.0,0.0,0.0,,,,12,1.45395189,886.6666666666666,22386.0,4.75, N,17.44742268,10640.0,268632.0,57.0
47756,456,5407,29,2.5, N,1.0,28,4,6,,,,, Beverages,3, N, N,0,,,,,,0.0,0.0,0.0,0.0,,,,13,1.4615384615384615,1016.8461538461538,24873.923076923078,2.5, N,19.0,13219.0,323361.0,32.5
47776,485,5378,43,3.0, N,2.0,28,4,6,,,,, Beverages,3, N, N,0,,,,,,0.0,0.0,0.0,0.0,,,,6,1.5745704466666668,746.0,36618.0,3.0, N,9.44742268,4476.0,219708.0,18.0
47885,668,5535,57,3.1, Y,1.0,28,4,6,,,,, Beverages,3, N, N,0,,,,,,0.0,0.0,0.0,0.0,,,,10,1.4,803.6,23064.9,3.1, Y,14.0,8036.0,230649.0,31.0
47951,5,5535,87,2.1, N,1.0,28,4,6,,,,, Beverages,3, N, N,0,,,,,,0.0,0.0,0.0,0.0,,,,4,1.25,949.25,43901.25,2.325, N,5.0,3797.0,175605.0,9.3
47994,71,5535,60,3.75, N,2.0,28,4,6,,,,, Beverages,4, N, N,0,,,,,,0.0,0.0,0.0,0.0,,,,11,1.4043111527272727,580.8181818181819,26302.545454545456,3.75, N,15.44742268,6389.0,289328.0,41.25
48083,239,5535,32,3.0, N,2.0,28,4,6,,,,, Beverages,3, N, N,0,,,,,,0.0,0.0,0.0,0.0,,,,6,1.3333333333333333,1066.6666666666667,25681.666666666668,3.0, N,8.0,6400.0,154090.0,18.0
48217,426,8158,28,2.0, Y,1.0,28,4,6,,,,, Beverages,2, N, N,0,,,,,,0.0,0.0,0.0,0.0,,,,11,1.6363636363636365,543.9090909090909,23011.81818181818,2.0, Y,18.0,5983.0,253130.0,22.0
48326,601,8374,43,3.0, Y,1.44742268,28,4,6,,,,, Beverages,3, N, N,0,,,,,,0.0,0.0,0.0,0.0,,,,6,1.5745704466666668,746.0,36618.0,3.0, N,9.44742268,4476.0,219708.0,18.0
48364,663,8282,55,4.0, Y,2.0,28,4,6,,,,, Beverages,4, N, N,0,,,,,,0.0,0.0,0.0,0.0,,,,15,1.8,770.5333333333333,28765.533333333333,4.0, N,27.0,11558.0,431483.0,60.0
48554,811,740,53,3.0, N,2.0,29,4,0,,,,, Beverages,3, N, N,0,,,,,,0.0,0.0,0.0,0.0,,,,11,1.5454545454545454,929.9090909090909,28873.727272727272,3.0, Y,17.0,10229.0,317611.0,33.0
48569,928,740,29,2.5, N,1.0,29,4,0,,,,, Beverages,3, N, N,0,,,,,,0.0,0.0,0.0,0.0,,,,13,1.4615384615384615,1016.8461538461538,24873.923076923078,2.5, N,19.0,13219.0,323361.0,32.5
48603,1168,740,49,3.0, N,1.0,29,4,0,,,,, Beverages,3, N, N,0,,,,,,0.0,0.0,0.0,0.0,,,,12,1.3333333333333333,1069.1666666666667,26976.75,3.0, Y,16.0,12830.0,323721.0,36.0
48674,1734,494,53,3.0, Y,1.0,29,4,0,,,,, Beverages,3, N, N,0,,,,,,0.0,0.0,0.0,0.0,,,,11,1.5454545454545454,929.9090909090909,28873.727272727272,3.0, Y,17.0,10229.0,317611.0,33.0
48733,2101,65,55,4.0, Y,2.0,29,4,0,352, F,1956, Baby Boomers, Beverages,4, N, N,4,1.5,2504.5,48785.75,3.0, N,6.0,10018.0,195143.0,12.0,19,4,2,15,1.8,770.5333333333333,28765.533333333333,4.0, N,27.0,11558.0,431483.0,60.0
48757,2335,65,30,3.0, N,1.0,29,4,0,352, F,1956, Baby Boomers, Beverages,3, N, N,4,1.5,2504.5,48785.75,3.0, N,6.0,10018.0,195143.0,12.0,19,4,2,8,1.125,1249.75,26579.5,3.0, N,9.0,9998.0,212636.0,24.0
48769,2412,65,42,2.5, N,2.0,29,4,0,352, F,1956, Baby Boomers, Beverages,3, N, N,4,1.5,2504.5,48785.75,3.0, N,6.0,10018.0,195143.0,12.0,19,4,2,10,2.0,924.3,26855.5,2.5, Y,20.0,9243.0,268555.0,25.0
48884,3170,65,44,2.5, Y,1.0,29,4,0,352, F,1956, Baby Boomers, Beverages,3, N, N,4,1.5,2504.5,48785.75,3.0, N,6.0,10018.0,195143.0,12.0,19,4,2,13,1.6498017446153845,1399.923076923077,30958.153846153848,2.5, N,21.44742268,18199.0,402456.0,32.5
48926,3532,627,38,3.75, N,2.0,29,4,0,,,,, Beverages,4, N, N,0,,,,,,0.0,0.0,0.0,0.0,,,,8,1.5,1329.5,26835.25,3.75, N,12.0,10636.0,214682.0,30.0
48938,3675,627,35,3.1, N,2.0,29,4,0,,,,, Beverages,3, N, N,0,,,,,,0.0,0.0,0.0,0.0,,,,9,1.6666666666666667,950.7777777777778,31450.88888888889,3.1, Y,15.0,8557.0,283058.0,27.900000000000002
49006,4195,627,34,2.45, Y,2.0,29,4,0,,,,, Beverages,2, N, N,0,,,,,,0.0,0.0,0.0,0.0,,,,13,1.3846153846153846,984.2307692307693,25668.076923076922,2.45, Y,18.0,12795.0,333685.0,31.85
49070,97,5395,78,4.5, Y,1.0,29,4,0,,,,, Food,5, N, N,0,,,,,,0.0,0.0,0.0,0.0,,,,4,1.0,88.75,37583.0,4.5, N,4.0,355.0,150332.0,18.0
49268,412,5896,22,2.0, Y,1.0,29,4,0,,,,, Beverages,2, N, N,0,,,,,,0.0,0.0,0.0,0.0,,,,7,1.4285714285714286,810.8571428571429,27682.714285714286,2.0, Y,10.0,5676.0,193779.0,14.0
49360,552,5015,61,4.75, N,1.0,29,4,0,,,,, Beverages,5, N, N,0,,,,,,0.0,0.0,0.0,0.0,,,,12,1.45395189,886.6666666666666,22386.0,4.75, N,17.44742268,10640.0,268632.0,57.0
49503,50,8101,49,3.0, Y,1.0,29,4,0,,,,, Beverages,3, N, N,0,,,,,,0.0,0.0,0.0,0.0,,,,12,1.3333333333333333,1069.1666666666667,26976.75,3.0, Y,16.0,12830.0,323721.0,36.0
49758,498,8101,39,4.25, N,1.0,29,4,0,,,,, Beverages,4, N, N,0,,,,,,0.0,0.0,0.0,0.0,,,,12,1.4166666666666667,1080.5833333333333,21021.833333333332,4.25, N,17.0,12967.0,252262.0,51.0
49883,740,8026,41,4.25, Y,1.0,29,4,0,,,,, Beverages,4, N, N,0,,,,,,0.0,0.0,0.0,0.0,,,,9,1.4327605955555556,1270.4444444444443,33786.333333333336,4.25, Y,12.89484536,11434.0,304077.0,38.25
